Binning_output.15	{'GC std': 0.020535266920865807, '# genomes': 2258, 'Genome size': 1398515, 'Longest contig': 61349, 'GCN0': ['PF00203', 'PF00035', 'PF00471', 'PF00189', 'TIGR00392', 'PF00181', 'PF00366', 'PF04977', 'PF05190', 'TIGR01394', 'PF03947', 'TIGR01083', 'TIGR03723', 'TIGR03725', 'PF03719', 'TIGR01951', 'PF03485', 'PF00276', 'PF01250', 'PF01018', 'PF00338', 'PF03147', 'PF01084', 'PF00334', 'TIGR00344', 'PF00252', 'PF02699', 'PF00347', 'PF07497', 'PF07499', 'TIGR00922', 'PF00750', 'PF00238', 'PF00861', 'PF01121', 'PF11967', 'PF00453', 'PF05491', 'PF02912', 'PF01016', 'PF02091', 'PF01795', 'PF00831', 'PF06418', 'PF00297', 'TIGR02432', 'PF03652', 'TIGR03263', 'PF02565', 'TIGR00064', 'TIGR01499', 'TIGR01079', 'PF01192', 'PF00673', 'PF01416', 'TIGR00214', 'TIGR00442', 'PF00253', 'PF03484', 'PF00281', 'TIGR00041', 'PF02367', 'PF01668', 'PF13603', 'PF00333', 'PF00410', 'PF08529', 'TIGR00422', 'PF00829', 'PF00237', 'PF00684', 'TIGR01145', 'TIGR00436', 'PF13184', 'PF00584', 'PF00573'], 'GCN1': ['PF01509', 'PF12169', 'PF00298', 'TIGR00095', 'TIGR00409', 'PF02075', 'PF01043', 'PF01281', 'PF01351', 'TIGR00575', 'PF00177', 'PF01409', 'PF00830', 'PF02130', 'PF04560', 'PF02491', 'TIGR01085', 'PF04563', 'TIGR00362', 'PF07516', 'PF04998', 'PF06071', 'PF04561', 'PF06421', 'TIGR00593', 'PF01624', 'PF02576', 'PF00318', 'PF02033', 'TIGR00615', 'PF04997', 'PF00380', 'PF12631', 'TIGR00755', 'PF04565', 'PF11987', 'TIGR01750', 'PF05698', 'PF03948', 'TIGR00020', 'PF00164', 'TIGR03594', 'TIGR03598', 'PF01119', 'PF00572', 'PF00627', 'PF00466', 'PF01330', 'TIGR01302', 'TIGR03302', 'PF01386', 'TIGR00019', 'TIGR00460', 'PF03946', 'PF00542', 'PF01715', 'PF03726', 'PF02873', 'TIGR00329', 'PF00687', 'PF01649', 'PF04760', 'PF00623', 'PF04983', 'PF00562', 'PF02575', 'PF05000', 'PF00886', 'PF12344', 'PF14450', 'PF01195', 'PF01783', 'PF02403', 'TIGR01143', 'TIGR00435', 'TIGR02393', 'PF10396', 'PF10385', 'PF05697', 'PF02978', 'PF02092'], 'GCN2': ['PF00411', 'PF00312', 'PF01193', 'PF01765', 'PF01782', 'PF02410', 'PF02224', 'PF00828', 'TIGR02075', 'PF01000', 'PF01746', 'TIGR01063', 'PF02527', 'PF08459', 'PF01245', 'PF01687', 'TIGR00445', 'PF00889', 'PF01196', 'TIGR01059', 'TIGR01133', 'TIGR00420', 'PF00344', 'PF00163', 'TIGR01087'], 'marker lineage': 'k__Bacteria', 'GC': 0.4407718186790989, 'GCN4': ['PF02096'], '# scaffolds': 330, 'Completeness': 62.49050332383665, 'GCN3': ['TIGR00595', 'PF02768', 'PF13932', 'PF00712', 'TIGR00186'], 'GCN5+': [], '# contigs': 330, 'Translation table': 11, '# markers': 188, 'Coding density': 0.9215210419623672, 'Mean contig length': 4237.924242424242, '# marker sets': 117, 'N50 (contigs)': 4231, '1': 81, '0': 76, '3': 5, '2': 25, 'Longest scaffold': 61349, '4': 1, '5+': 0, 'Contamination': 23.967236467236464, '# predicted genes': 1503, 'N50 (scaffolds)': 4231, '# ambiguous bases': 0, 'Mean scaffold length': 4237.924242424242}
Binning_output.14	{'GC std': 0.018178214408697116, '# genomes': 5449, 'Genome size': 4036003, 'Longest contig': 122611, 'GCN0': ['TIGR00755', 'TIGR00019'], 'GCN1': ['PF00162', 'TIGR00615', 'PF00380', 'TIGR00344', 'PF01281', 'TIGR00459', 'TIGR00392', 'PF01668', 'PF03948', 'TIGR03263', 'PF02130', 'TIGR00810', 'PF01632', 'PF01121', 'PF00572', 'PF06071', 'TIGR00250', 'PF01250', 'PF08459'], 'GCN2': ['PF01509', 'PF01018', 'PF03484', 'PF01016', 'PF01245', 'PF01795', 'PF11987', 'PF00312', 'PF13603', 'TIGR02432', 'TIGR00460', 'PF00886', 'PF12344', 'PF01765', 'PF01409', 'TIGR03594', 'PF08529', 'TIGR02075', 'TIGR03723', 'PF01746', 'PF00829', 'TIGR00329', 'TIGR00084', 'PF13184', 'PF01649', 'PF05697', 'PF00453', 'PF05491', 'PF02978', 'PF02912', 'PF02033'], 'marker lineage': 'k__Bacteria', 'GC': 0.5655513635643977, 'GCN4': ['PF04983', 'PF00338', 'PF00281', 'PF00673', 'PF04997', 'PF00347', 'PF05000', 'PF00177', 'PF00410', 'PF00164', 'TIGR01079', 'PF00238', 'PF00466', 'PF04998', 'PF06421', 'PF00623'], '# scaffolds': 717, 'Completeness': 96.55172413793103, 'GCN3': ['PF00889', 'PF01196', 'PF00411', 'PF00189', 'PF00416', 'PF00831', 'PF00252', 'PF02367', 'PF00181', 'PF00297', 'PF00366', 'PF00828', 'PF00333', 'TIGR00967', 'PF01193', 'PF03947', 'PF01000', 'PF00203', 'PF01195', 'PF03719', 'PF00861', 'PF00237', 'PF00276', 'PF00318', 'PF00573'], 'GCN5+': ['PF00298', 'PF00562', 'PF04563', 'PF10385', 'PF04565', 'PF03946', 'PF04560', 'TIGR00922', 'TIGR00855', 'PF04561', 'PF00687'], '# contigs': 717, 'Translation table': 11, '# markers': 104, 'Coding density': 0.927549360097106, 'Mean contig length': 5629.013947001395, '# marker sets': 58, 'N50 (contigs)': 6110, '1': 19, '0': 2, '3': 25, '2': 31, 'Longest scaffold': 122611, '4': 16, '5+': 11, 'Contamination': 109.0909090909091, '# predicted genes': 4350, 'N50 (scaffolds)': 6110, '# ambiguous bases': 0, 'Mean scaffold length': 5629.013947001395}
Binning_output.17	{'GC std': 0.023814954682768823, '# genomes': 5449, 'Genome size': 2930134, 'Longest contig': 30009, 'GCN0': ['PF01016', 'PF01245', 'PF01281', 'PF03948', 'TIGR00460', 'PF00886', 'PF01746', 'PF00829', 'TIGR00250', 'PF01250', 'PF08459'], 'GCN1': ['PF01509', 'PF00162', 'PF00298', 'PF01018', 'PF00889', 'TIGR00615', 'PF03484', 'PF04983', 'PF00562', 'PF00338', 'PF04563', 'PF01196', 'PF00281', 'PF00673', 'PF04997', 'PF10385', 'PF00411', 'TIGR00344', 'PF00416', 'TIGR00459', 'TIGR00755', 'TIGR00392', 'PF04565', 'PF02367', 'PF01668', 'PF00181', 'PF11987', 'PF00312', 'PF13603', 'TIGR02432', 'PF03946', 'TIGR03263', 'PF00410', 'PF12344', 'TIGR00967', 'PF01193', 'PF01765', 'PF01409', 'TIGR03594', 'PF08529', 'PF02130', 'PF04560', 'TIGR00922', 'TIGR02075', 'PF01000', 'TIGR00810', 'TIGR01079', 'PF00238', 'PF01121', 'PF01195', 'PF00466', 'PF06071', 'TIGR00855', 'TIGR00084', 'PF00276', 'PF13184', 'PF04561', 'TIGR00019', 'PF00687', 'PF06421', 'PF05697', 'PF00318', 'PF02978', 'PF02912', 'PF00623', 'PF02033'], 'GCN2': ['PF00380', 'PF01795', 'PF00831', 'PF00252', 'PF05000', 'PF00297', 'PF00366', 'PF00177', 'PF00828', 'PF00333', 'PF00164', 'PF03947', 'PF01632', 'TIGR03723', 'PF00203', 'PF00572', 'PF03719', 'PF04998', 'TIGR00329', 'PF00453', 'PF05491'], 'marker lineage': 'k__Bacteria', 'GC': 0.633987046326209, 'GCN4': [], '# scaffolds': 506, 'Completeness': 84.48275862068965, 'GCN3': ['PF00189', 'PF00347', 'PF00861', 'PF00237', 'PF01649', 'PF00573'], 'GCN5+': [], '# contigs': 506, 'Translation table': 11, '# markers': 104, 'Coding density': 0.9178621182512472, 'Mean contig length': 5790.778656126482, '# marker sets': 58, 'N50 (contigs)': 6832, '1': 66, '0': 11, '3': 6, '2': 21, 'Longest scaffold': 30009, '4': 0, '5+': 0, 'Contamination': 17.084639498432605, '# predicted genes': 3191, 'N50 (scaffolds)': 6832, '# ambiguous bases': 0, 'Mean scaffold length': 5790.778656126482}
Binning_output.16	{'GC std': 0.015754362263206697, '# genomes': 1495, 'Genome size': 632768, 'Longest contig': 25651, 'GCN0': ['PF04386', 'PF13932', 'TIGR01085', 'PF01668', 'TIGR00445', 'TIGR00442', 'PF12169', 'PF00298', 'PF01018', 'PF00889', 'PF04362', 'PF04977', 'PF03484', 'TIGR03263', 'PF01016', 'TIGR01082', 'TIGR01173', 'TIGR01302', 'PF02224', 'PF03726', 'PF00203', 'TIGR00547', 'PF00281', 'PF01985', 'TIGR01406', 'TIGR00406', 'TIGR00409', 'PF03147', 'PF04997', 'PF00013', 'PF01245', 'PF00471', 'TIGR00717', 'PF04999', 'PF02091', 'PF01808', 'PF00334', 'PF07517', 'PF02767', 'PF02075', 'PF02096', 'TIGR03533', 'PF00189', 'PF01795', 'PF06835', 'TIGR00878', 'PF01043', 'TIGR02350', 'PF02606', 'PF01624', 'TIGR00539', 'PF00831', 'TIGR00020', 'PF00252', 'PF01134', 'TIGR03594', 'PF01351', 'PF00218', 'TIGR00392', 'PF00830', 'PF02575', 'PF00684', 'TIGR03346', 'PF10458', 'PF00687', 'PF02773', 'PF00438', 'PF01071', 'PF08478', 'PF02699', 'PF10396', 'TIGR01750', 'PF02132', 'TIGR00575', 'PF05698', 'PF02620', 'PF13603', 'PF00347', 'PF00297', 'PF00697', 'TIGR01059', 'TIGR00416', 'PF00366', 'TIGR02209', 'TIGR02432', 'PF03652', 'PF03946', 'PF03719', 'PF00712', 'PF00542', 'PF12631', 'PF00410', 'TIGR00336', 'PF07497', 'PF01765', 'PF01409', 'PF00253', 'PF01715', 'PF02768', 'TIGR03598', 'TIGR01133', 'TIGR01134', 'PF04359', 'PF00318', 'TIGR00064', 'TIGR00065', 'TIGR01394', 'PF04560', 'PF01264', 'TIGR00634', 'TIGR01499', 'PF02491', 'PF07499', 'TIGR01083', 'TIGR01087', 'PF01782', 'PF02844', 'PF03947', 'PF13507', 'TIGR02075', 'PF01119', 'TIGR00593', 'TIGR01079', 'PF00584', 'PF05188', 'TIGR03723', 'PF00238', 'TIGR03725', 'PF02772', 'PF00344', 'PF00237', 'PF01196', 'PF01746', 'PF08299', 'TIGR01455', 'PF00163', 'PF00627', 'PF00828', 'PF04127', 'PF00829', 'PF01379', 'TIGR01063', 'TIGR01951', 'PF00276', 'PF00861', 'PF14450', 'PF00673', 'PF03485', 'PF07516', 'PF02403', 'PF00327', 'PF03900', 'PF01121', 'PF02527', 'PF06071', 'PF00958', 'PF02873', 'TIGR01510', 'PF00886', 'PF01255', 'PF03799', 'TIGR00329', 'TIGR01145', 'TIGR01144', 'TIGR01143', 'TIGR00422', 'TIGR02211', 'TIGR00438', 'TIGR01854', 'TIGR00922', 'PF02684', 'TIGR01357', 'PF01649', 'PF06421', 'TIGR00150', 'PF00380', 'PF05697', 'PF00750', 'TIGR00041', 'PF01416', 'TIGR00595', 'PF00453', 'PF01702', 'PF00466', 'TIGR00214', 'PF02843', 'PF00333', 'PF05190', 'PF01330', 'PF02576', 'PF01783', 'PF05491', 'PF02978', 'PF02912', 'PF02547', 'PF00181', 'PF00573', 'PF08529', 'PF02092'], 'GCN1': ['PF03602', 'PF01509', 'PF00162', 'PF00177', 'PF01386', 'PF00562', 'PF04983', 'PF00338', 'PF00035', 'PF04563', 'TIGR03317', 'PF01084', 'PF02938', 'PF02033', 'TIGR03302', 'TIGR00344', 'PF01281', 'PF11987', 'PF00572', 'PF04565', 'PF03054', 'TIGR00019', 'PF06418', 'PF05000', 'PF11967', 'PF01025', 'TIGR00460', 'TIGR00186', 'TIGR00185', 'PF00164', 'PF02565', 'PF10385', 'PF02130', 'PF04998', 'PF08459', 'PF01192', 'PF04390', 'PF01195', 'PF07479', 'TIGR00436', 'PF13184', 'PF04561', 'PF03948', 'PF01250', 'PF04760', 'PF00623'], 'GCN2': ['TIGR00091', 'TIGR00544', 'PF06144', 'PF06574', 'TIGR00755', 'TIGR03284', 'PF02559', 'TIGR00668', 'PF03461', 'PF02410', 'PF01687', 'PF02590', 'PF01259', 'TIGR00435', 'TIGR02392', 'PF09190'], 'marker lineage': 'p__Proteobacteria', 'GC': 0.39785039698594116, 'GCN4': [], '# scaffolds': 120, 'Completeness': 25.41666666666667, 'GCN3': [], 'GCN5+': [], '# contigs': 120, 'Translation table': 11, '# markers': 261, 'Coding density': 0.9678981870132497, 'Mean contig length': 5273.066666666667, '# marker sets': 164, 'N50 (contigs)': 5875, '1': 46, '0': 199, '3': 0, '2': 16, 'Longest scaffold': 25651, '4': 0, '5+': 0, 'Contamination': 7.926829268292683, '# predicted genes': 655, 'N50 (scaffolds)': 5875, '# ambiguous bases': 0, 'Mean scaffold length': 5273.066666666667}
Binning_output.11	{'GC std': 0.02232501049362801, '# genomes': 148, 'Genome size': 941551, 'Longest contig': 19362, 'GCN0': ['PF01509', 'PF08617', 'PF00177', 'PF04019', 'PF03684', 'TIGR03684', 'TIGR03683', 'PF00276', 'PF00679', 'PF01282', 'PF01973', 'PF01287', 'PF01948', 'TIGR01018', 'PF02005', 'PF08068', 'PF06026', 'PF13685', 'TIGR00658', 'TIGR02389', 'PF00334', 'PF00411', 'PF01864', 'PF03950', 'TIGR02338', 'PF01849', 'TIGR00344', 'TIGR00878', 'PF00709', 'PF00416', 'TIGR00537', 'PF11987', 'PF01092', 'TIGR00392', 'PF06418', 'PF01994', 'PF00312', 'TIGR01162', 'PF00297', 'TIGR00419', 'TIGR00057', 'TIGR00111', 'TIGR00289', 'PF03946', 'PF01982', 'TIGR01211', 'TIGR01213', 'PF00164', 'TIGR00335', 'PF01193', 'PF05670', 'TIGR00522', 'TIGR01134', 'TIGR00422', 'PF01200', 'TIGR00064', 'TIGR00389', 'TIGR00162', 'TIGR00928', 'PF01940', 'PF13507', 'PF02649', 'PF01000', 'TIGR01177', 'PF01981', 'PF01984', 'TIGR00549', 'PF00827', 'TIGR01736', 'TIGR00670', 'PF01246', 'PF03764', 'PF01192', 'PF09173', 'PF09249', 'TIGR02237', 'TIGR00329', 'PF01667', 'PF01866', 'TIGR00432', 'TIGR03679', 'PF00749', 'PF01912', 'TIGR03677', 'PF00958', 'PF01157', 'PF07541', 'PF00752', 'PF00935', 'PF01180', 'PF02748', 'PF01725', 'PF01798', 'PF02978', 'PF00181', 'PF00573', 'PF00867'], 'GCN1': ['TIGR00134', 'PF03439', 'TIGR00442', 'PF00298', 'PF00562', 'PF03484', 'TIGR03685', 'PF04983', 'PF00832', 'PF04563', 'PF01198', 'PF00281', 'PF04997', 'TIGR03665', 'PF00380', 'PF00623', 'PF04561', 'PF04104', 'TIGR02153', 'PF00189', 'PF00831', 'PF01090', 'PF00252', 'TIGR00755', 'PF01201', 'PF04565', 'PF00900', 'PF04919', 'PF00673', 'PF01015', 'PF00572', 'PF00687', 'PF05221', 'TIGR00270', 'PF00750', 'PF04566', 'PF01780', 'PF01191', 'TIGR00468', 'PF01868', 'TIGR01210', 'PF00410', 'TIGR00234', 'TIGR00336', 'TIGR01046', 'PF01922', 'PF04472', 'PF00318', 'PF00366', 'PF03833', 'PF03947', 'PF04560', 'PF04010', 'TIGR01080', 'PF02844', 'PF09377', 'TIGR02076', 'PF01416', 'PF01974', 'PF01174', 'PF01967', 'PF08069', 'PF01172', 'PF08071', 'PF03874', 'PF05746', 'PF00466', 'PF00327', 'PF00237', 'TIGR00327', 'PF04567', 'PF00203', 'PF01194', 'PF05000', 'TIGR03724', 'PF06093', 'TIGR00729', 'PF04032', 'PF00238', 'PF01269', 'PF03876'], 'GCN2': ['TIGR00408', 'PF13656', 'PF00347', 'PF03719', 'PF00736', 'PF01280', 'PF01655', 'PF04127', 'PF00333'], 'marker lineage': 'p__Euryarchaeota', 'GC': 0.438825937203614, 'GCN4': [], '# scaffolds': 234, 'Completeness': 39.93846153846154, 'GCN3': ['PF00861'], 'GCN5+': [], '# contigs': 234, 'Translation table': 11, '# markers': 188, 'Coding density': 0.9496129259062972, 'Mean contig length': 4023.722222222222, '# marker sets': 125, 'N50 (contigs)': 3943, '1': 81, '0': 97, '3': 1, '2': 9, 'Longest scaffold': 19362, '4': 0, '5+': 0, 'Contamination': 3.494736842105263, '# predicted genes': 974, 'N50 (scaffolds)': 3943, '# ambiguous bases': 0, 'Mean scaffold length': 4023.722222222222}
Binning_output.10	{'GC std': 0.025618244440913037, '# genomes': 2921, 'Genome size': 2655359, 'Longest contig': 21228, 'GCN0': ['PF00298', 'PF00189', 'TIGR00392', 'PF00181', 'PF00312', 'TIGR00575', 'TIGR00418', 'PF00366', 'PF00276', 'PF03947', 'TIGR01085', 'PF00203', 'PF03719', 'PF07516', 'PF06071', 'PF12631', 'PF06421', 'PF02033', 'PF00338', 'PF00380', 'PF00252', 'TIGR00755', 'PF00347', 'TIGR00020', 'PF00164', 'TIGR00922', 'PF00572', 'PF00238', 'PF01746', 'PF00861', 'PF00466', 'PF00453', 'PF01330', 'PF05491', 'PF02938', 'PF01245', 'PF01795', 'PF00831', 'PF00297', 'TIGR02432', 'TIGR00460', 'PF03946', 'TIGR03263', 'TIGR01079', 'PF01687', 'PF03726', 'PF01121', 'PF00687', 'TIGR00442', 'PF00253', 'PF00281', 'PF00673', 'PF06574', 'PF02367', 'PF00886', 'PF00333', 'PF00410', 'PF12344', 'TIGR00064', 'PF00829', 'PF02403', 'PF00237', 'PF02978', 'PF00573', 'TIGR02012'], 'GCN1': ['PF01509', 'PF00035', 'PF00471', 'PF02075', 'PF02096', 'PF02410', 'PF01281', 'PF00177', 'PF01765', 'PF01409', 'PF00830', 'PF04560', 'TIGR03723', 'TIGR01951', 'PF03485', 'PF04998', 'TIGR00593', 'TIGR00595', 'PF01250', 'PF00318', 'PF01018', 'PF03147', 'PF04997', 'PF01084', 'TIGR00344', 'PF04561', 'PF04565', 'PF11987', 'PF03948', 'PF00828', 'TIGR03594', 'TIGR02075', 'PF00750', 'TIGR00329', 'PF08459', 'PF02912', 'PF13932', 'PF01016', 'PF04563', 'TIGR00019', 'PF06418', 'PF03652', 'PF02873', 'PF01649', 'PF04760', 'PF00623', 'PF00889', 'PF03484', 'PF04983', 'PF00562', 'PF00627', 'TIGR01063', 'PF13603', 'PF05000', 'PF10385', 'PF08529', 'PF00344', 'PF00684', 'TIGR00435', 'PF13184', 'PF05697'], 'GCN2': ['PF00411', 'PF01193', 'PF02130', 'PF01386', 'PF02768', 'PF02699', 'PF01000', 'TIGR00615', 'TIGR02350', 'PF01196', 'TIGR01059', 'PF01668', 'PF00416', 'PF01195', 'PF00163', 'TIGR02397'], 'marker lineage': 'k__Bacteria', 'GC': 0.6172073154703376, 'GCN4': [], '# scaffolds': 587, 'Completeness': 55.645706558485465, 'GCN3': [], 'GCN5+': [], '# contigs': 587, 'Translation table': 11, '# markers': 142, 'Coding density': 0.9096849051295889, 'Mean contig length': 4523.609880749574, '# marker sets': 87, 'N50 (contigs)': 4475, '1': 61, '0': 65, '3': 0, '2': 16, 'Longest scaffold': 21228, '4': 0, '5+': 0, 'Contamination': 12.981744421906692, '# predicted genes': 2559, 'N50 (scaffolds)': 4475, '# ambiguous bases': 0, 'Mean scaffold length': 4523.609880749574}
Binning_output.13	{'GC std': 0.015072336616525316, '# genomes': 5449, 'Genome size': 1019229, 'Longest contig': 11456, 'GCN0': ['PF00298', 'PF00889', 'PF03484', 'PF04983', 'PF00562', 'PF00338', 'PF04563', 'PF01196', 'PF00281', 'PF00673', 'PF04997', 'PF01245', 'PF10385', 'PF00411', 'PF00189', 'TIGR00344', 'PF00416', 'PF00831', 'PF00252', 'TIGR00392', 'PF04565', 'PF02367', 'PF00181', 'PF00312', 'PF13603', 'PF00347', 'PF05000', 'PF00297', 'PF00366', 'PF00177', 'PF00828', 'PF03946', 'PF00886', 'PF00333', 'PF00410', 'PF12344', 'PF00164', 'TIGR00967', 'PF01193', 'PF01765', 'PF01409', 'PF08529', 'PF03947', 'PF04560', 'TIGR00922', 'TIGR02075', 'PF01000', 'TIGR01079', 'PF01632', 'TIGR03723', 'PF00238', 'PF00203', 'PF01121', 'PF01746', 'PF01195', 'PF03719', 'PF00861', 'PF00466', 'PF00237', 'PF04998', 'PF06071', 'TIGR00855', 'TIGR00329', 'TIGR00250', 'PF00276', 'PF13184', 'PF04561', 'PF00687', 'PF06421', 'PF05697', 'PF00453', 'PF01250', 'PF08459', 'PF00318', 'PF05491', 'PF02978', 'PF02912', 'PF00623', 'PF00573'], 'GCN1': ['PF01509', 'PF00162', 'PF01018', 'TIGR00615', 'PF01016', 'PF00380', 'PF01795', 'PF01281', 'TIGR00459', 'TIGR00755', 'PF01668', 'PF11987', 'PF03948', 'TIGR02432', 'TIGR00460', 'TIGR03263', 'TIGR03594', 'PF02130', 'TIGR00810', 'PF00572', 'PF00829', 'TIGR00084', 'TIGR00019', 'PF02033'], 'GCN2': ['PF01649'], 'marker lineage': 'k__Bacteria', 'GC': 0.588738154036041, 'GCN4': [], '# scaffolds': 239, 'Completeness': 37.93103448275862, 'GCN3': [], 'GCN5+': [], '# contigs': 239, 'Translation table': 11, '# markers': 104, 'Coding density': 0.9361115117407374, 'Mean contig length': 4264.556485355649, '# marker sets': 58, 'N50 (contigs)': 4494, '1': 24, '0': 79, '3': 0, '2': 1, 'Longest scaffold': 11456, '4': 0, '5+': 0, 'Contamination': 1.7241379310344827, '# predicted genes': 1145, 'N50 (scaffolds)': 4494, '# ambiguous bases': 0, 'Mean scaffold length': 4264.556485355649}
Binning_output.12	{'GC std': 0.025209074046876934, '# genomes': 46, 'Genome size': 769710, 'Longest contig': 8210, 'GCN0': ['PF13779', 'PF01509', 'PF00298', 'TIGR00096', 'PF06676', 'PF00091', 'TIGR03706', 'TIGR00717', 'TIGR02154', 'PF00189', 'PF07991', 'PF03937', 'TIGR00979', 'TIGR00977', 'TIGR00973', 'TIGR00972', 'PF00709', 'PF01281', 'PF03186', 'TIGR01436', 'PF03562', 'TIGR00392', 'TIGR00390', 'TIGR00154', 'TIGR01388', 'PF12096', 'PF08032', 'TIGR01091', 'PF03364', 'PF03969', 'PF02132', 'TIGR01163', 'TIGR01162', 'TIGR01365', 'PF07584', 'PF00692', 'TIGR00416', 'PF03840', 'PF02643', 'PF02391', 'PF04355', 'TIGR00707', 'TIGR03002', 'PF12787', 'PF04340', 'PF08482', 'TIGR02142', 'TIGR00965', 'PF01765', 'PF01409', 'PF01595', 'PF02637', 'PF01726', 'PF10369', 'PF02130', 'TIGR01394', 'PF02491', 'TIGR01084', 'TIGR01085', 'TIGR00118', 'PF01782', 'PF13507', 'PF06725', 'TIGR00568', 'TIGR00560', 'TIGR03723', 'TIGR02639', 'PF08275', 'TIGR03725', 'PF04608', 'TIGR01958', 'TIGR01957', 'TIGR01951', 'PF02700', 'PF03485', 'PF13567', 'PF07516', 'PF00290', 'PF06071', 'PF02618', 'PF01761', 'TIGR01410', 'PF11164', 'PF04386', 'PF06421', 'TIGR00595', 'PF01702', 'TIGR01189', 'TIGR01349', 'TIGR01347', 'PF00318', 'PF03411', 'TIGR00763', 'TIGR00761', 'PF12627', 'PF07799', 'PF01018', 'PF04898', 'PF02542', 'PF13755', 'PF00338', 'TIGR01749', 'TIGR01980', 'TIGR00838', 'PF01195', 'PF05128', 'PF03147', 'PF04997', 'TIGR01579', 'PF02646', 'TIGR01574', 'PF01084', 'PF00334', 'PF02224', 'PF13631', 'PF01619', 'PF03572', 'PF02609', 'TIGR01191', 'TIGR00344', 'PF03477', 'PF12631', 'TIGR01356', 'PF08439', 'TIGR02614', 'PF02606', 'PF03255', 'TIGR03317', 'PF00252', 'TIGR00755', 'TIGR03594', 'PF03033', 'TIGR01974', 'TIGR01971', 'TIGR01973', 'TIGR01979', 'PF13491', 'PF01220', 'PF11987', 'PF02699', 'TIGR01750', 'PF05698', 'TIGR01993', 'PF03948', 'PF08544', 'PF00902', 'PF00697', 'PF00988', 'TIGR00020', 'PF09326', 'PF07497', 'TIGR01325', 'TIGR01326', 'PF08755', 'PF01583', 'PF00380', 'TIGR03592', 'TIGR03593', 'PF02768', 'PF05524', 'TIGR03598', 'TIGR01036', 'TIGR00630', 'TIGR00634', 'PF00224', 'TIGR01695', 'PF07499', 'TIGR01693', 'TIGR01692', 'TIGR00928', 'PF08207', 'PF02504', 'TIGR00922', 'PF03702', 'PF09285', 'PF00585', 'TIGR02070', 'PF01634', 'PF00572', 'PF02021', 'PF01250', 'PF00750', 'PF06242', 'PF01746', 'PF04279', 'PF11741', 'PF06299', 'PF01379', 'PF06844', 'TIGR01203', 'TIGR01694', 'PF03900', 'TIGR03692', 'TIGR00329', 'TIGR01331', 'PF01474', 'PF11967', 'PF02580', 'PF01433', 'PF11003', 'PF04442', 'PF13709', 'PF11071', 'TIGR00643', 'PF02844', 'TIGR01682', 'PF00152', 'PF02739', 'PF11940', 'PF02955', 'PF04364', 'PF06089', 'PF12556', 'PF00453', 'PF03772', 'PF04333', 'PF02660', 'PF13288', 'TIGR02075', 'TIGR00742', 'TIGR00137', 'PF02578', 'PF00154', 'PF02951', 'PF03966', 'PF01016', 'TIGR00313', 'PF00468', 'TIGR00263', 'PF02657', 'PF07370', 'TIGR02796', 'TIGR02799', 'PF01450', 'PF01245', 'PF02390', 'PF01580', 'TIGR00656', 'TIGR02420', 'PF02091', 'TIGR00494', 'PF05430', 'TIGR01830', 'PF08331', 'PF04102', 'PF03755', 'TIGR03303', 'TIGR03302', 'PF01795', 'TIGR00875', 'PF07509', 'TIGR00878', 'TIGR00128', 'TIGR00019', 'TIGR00010', 'PF12501', 'PF06213', 'PF06418', 'PF03749', 'TIGR01318', 'TIGR01317', 'PF07943', 'PF04546', 'TIGR01514', 'PF00764', 'PF02464', 'PF02616', 'PF00297', 'TIGR02786', 'TIGR02784', 'TIGR02204', 'TIGR00460', 'PF03120', 'PF03652', 'PF03946', 'PF00829', 'PF02601', 'TIGR01828', 'TIGR03263', 'PF04748', 'TIGR01798', 'TIGR01795', 'PF02887', 'TIGR03862', 'PF08511', 'PF00478', 'PF07896', 'PF01715', 'TIGR02138', 'PF13368', 'TIGR00653', 'PF02565', 'PF08676', 'TIGR00067', 'TIGR01499', 'PF00762', 'PF11011', 'PF00445', 'PF06793', 'PF02674', 'PF13413', 'PF00329', 'PF03119', 'PF01687', 'PF01632', 'PF00476', 'TIGR03081', 'TIGR00518', 'TIGR03644', 'TIGR00515', 'PF06319', 'PF00825', 'TIGR00670', 'PF02639', 'PF01192', 'TIGR01816', 'TIGR01812', 'TIGR01810', 'TIGR02350', 'PF04085', 'PF05958', 'PF02873', 'PF02562', 'PF03799', 'PF00032', 'TIGR01245', 'PF02602', 'PF10458', 'PF00687', 'PF02670', 'PF07835', 'TIGR00214', 'PF13335', 'TIGR00639', 'TIGR00445', 'TIGR00442', 'PF05258', 'PF00889', 'PF10555', 'PF03484', 'PF12327', 'PF01196', 'PF02167', 'PF02696', 'PF01255', 'PF03938', 'PF01132', 'TIGR00048', 'TIGR01473', 'PF01808', 'TIGR02801', 'PF02934', 'PF01218', 'TIGR03534', 'TIGR01059', 'TIGR01051', 'TIGR01055', 'TIGR01292', 'TIGR01296', 'PF12100', 'PF10590', 'PF01288', 'PF01653', 'TIGR00539', 'TIGR00536', 'TIGR01125', 'PF00627', 'PF05164', 'TIGR00649', 'PF02367', 'PF01668', 'PF02575', 'PF11700', 'TIGR02210', 'TIGR02212', 'TIGR03188', 'PF01071', 'PF10396', 'PF13603', 'PF04408', 'PF13277', 'TIGR00054', 'PF01743', 'TIGR00057', 'PF03979', 'PF01025', 'TIGR02968', 'PF13710', 'TIGR01464', 'PF03952', 'PF01678', 'PF00886', 'PF01367', 'PF04453', 'PF12344', 'TIGR00234', 'PF01027', 'PF00113', 'PF03548', 'PF02381', 'TIGR01134', 'PF02277', 'PF02673', 'TIGR00420', 'PF06764', 'TIGR00064', 'PF06723', 'PF13742', 'TIGR00735', 'TIGR00737', 'PF00346', 'PF03379', 'PF07090', 'PF02556', 'PF11812', 'PF03483', 'PF01820', 'PF02636', 'PF02401', 'PF14450', 'PF02620', 'PF01176', 'PF00163', 'PF04127', 'PF01197', 'TIGR03423', 'PF07940', 'PF01430', 'PF01783', 'PF02790', 'PF02403', 'PF07264', 'PF00958', 'PF08340', 'PF08436', 'PF00684', 'PF13763', 'PF06108', 'PF11233', 'TIGR00434', 'PF02912', 'PF04551', 'PF12607', 'TIGR02393', 'PF07542', 'PF06620', 'TIGR01082', 'PF01709', 'PF02222', 'PF05697', 'PF06559', 'TIGR00987', 'PF02843', 'PF07310', 'PF13650', 'PF02833', 'PF02978', 'TIGR01087', 'PF06938', 'PF02092'], 'GCN1': ['PF03602', 'PF00707', 'TIGR02945', 'PF07879', 'PF00035', 'PF04995', 'TIGR00406', 'TIGR00409', 'PF06689', 'PF00471', 'PF04430', 'PF00742', 'PF00411', 'PF07219', 'PF03668', 'PF02075', 'PF01351', 'PF00181', 'PF00312', 'PF01975', 'TIGR03719', 'PF00366', 'PF00177', 'PF04977', 'PF05233', 'TIGR00966', 'PF01193', 'PF03461', 'TIGR01763', 'PF00830', 'PF02113', 'PF05188', 'PF04560', 'PF01264', 'PF03947', 'PF03883', 'TIGR00050', 'PF01113', 'TIGR01083', 'PF02410', 'PF09297', 'TIGR00362', 'TIGR00365', 'PF01728', 'PF00203', 'PF03309', 'PF03315', 'PF09835', 'PF03719', 'TIGR01959', 'PF05192', 'PF04998', 'PF04376', 'PF00276', 'PF04561', 'PF00274', 'PF01624', 'PF02590', 'PF02576', 'PF02033', 'TIGR01966', 'PF03481', 'PF09296', 'TIGR01982', 'PF06026', 'PF03796', 'PF05198', 'PF13167', 'PF01878', 'PF04380', 'PF04565', 'PF01423', 'TIGR01751', 'PF00347', 'PF00828', 'TIGR01216', 'PF02325', 'PF02547', 'PF03610', 'PF00164', 'TIGR00336', 'TIGR02665', 'PF13291', 'PF09992', 'PF01000', 'PF00238', 'PF00772', 'PF01960', 'TIGR01510', 'PF03313', 'PF01628', 'PF00861', 'PF00466', 'PF01121', 'PF06073', 'PF05173', 'PF04366', 'PF04377', 'PF03118', 'PF08459', 'PF04296', 'PF01330', 'TIGR00132', 'PF03449', 'PF00490', 'PF13932', 'TIGR01235', 'PF05673', 'PF04563', 'TIGR02795', 'TIGR00493', 'PF00831', 'TIGR00121', 'PF01386', 'PF02787', 'TIGR02432', 'PF00542', 'TIGR01496', 'TIGR01072', 'TIGR01079', 'PF09608', 'PF03726', 'TIGR00516', 'PF01923', 'PF00488', 'PF08364', 'PF00359', 'PF00327', 'TIGR00856', 'PF04186', 'PF01182', 'TIGR01246', 'PF01649', 'TIGR03413', 'PF05187', 'PF04760', 'PF00623', 'PF00218', 'TIGR00503', 'TIGR00505', 'TIGR00444', 'PF04339', 'PF00253', 'PF04983', 'PF04452', 'PF02686', 'PF00677', 'PF00281', 'PF00673', 'TIGR00044', 'TIGR01474', 'PF00562', 'TIGR02800', 'TIGR02802', 'PF06831', 'PF07372', 'TIGR01129', 'PF09382', 'PF09923', 'TIGR03346', 'PF00475', 'PF01921', 'PF05000', 'PF03308', 'PF05190', 'PF00333', 'PF00410', 'TIGR00239', 'PF04280', 'TIGR00525', 'PF08529', 'TIGR01249', 'PF10423', 'PF10090', 'PF00416', 'PF04588', 'TIGR01736', 'PF00344', 'PF04204', 'PF03588', 'PF00237', 'PF02628', 'TIGR00436', 'PF06415', 'PF13184', 'TIGR01855', 'PF10385', 'PF01149', 'PF09538', 'PF00584', 'PF01725', 'PF00573', 'PF00215'], 'GCN2': ['PF05071'], 'marker lineage': 'f__Rhodobacteraceae', 'GC': 0.5058320666224941, 'GCN4': [], '# scaffolds': 200, 'Completeness': 26.065590199626342, 'GCN3': [], 'GCN5+': [], '# contigs': 200, 'Translation table': 11, '# markers': 654, 'Coding density': 0.9218238037702511, 'Mean contig length': 3848.55, '# marker sets': 332, 'N50 (contigs)': 3839, '1': 193, '0': 460, '3': 0, '2': 1, 'Longest scaffold': 8210, '4': 0, '5+': 0, 'Contamination': 0.060240963855421686, '# predicted genes': 903, 'N50 (scaffolds)': 3839, '# ambiguous bases': 0, 'Mean scaffold length': 3848.55}
Binning_output.19	{'GC std': 0.0160397734741294, '# genomes': 207, 'Genome size': 2299299, 'Longest contig': 27982, 'GCN0': ['PF00832', 'PF01287', 'PF02005', 'PF13685', 'PF00411', 'TIGR00392', 'PF00181', 'PF01191', 'PF00177', 'PF04560', 'PF03947', 'PF01246', 'PF03764', 'PF13656', 'PF04561', 'PF04997', 'PF01866', 'PF01090', 'PF01092', 'PF04567', 'PF04565', 'PF00347', 'PF09249', 'TIGR02076', 'PF09173', 'PF03874', 'TIGR03677', 'PF07541', 'PF01015', 'PF04563', 'TIGR01018', 'PF01198', 'PF01194', 'PF00623', 'PF04983', 'PF00679', 'PF00562', 'PF00416', 'PF04566', 'TIGR00064', 'PF01849', 'PF01200', 'PF00958', 'PF01157'], 'GCN1': ['TIGR00408', 'TIGR02389', 'TIGR02153', 'PF00189', 'PF01351', 'PF00312', 'PF00366', 'PF01780', 'PF01193', 'TIGR01080', 'PF08069', 'PF03719', 'PF01667', 'PF00318', 'PF04019', 'PF06026', 'PF00252', 'PF00900', 'TIGR01046', 'PF11987', 'PF00164', 'TIGR00336', 'PF01000', 'PF00572', 'PF00238', 'PF01269', 'PF00861', 'PF00466', 'TIGR00329', 'PF00398', 'PF01912', 'TIGR00134', 'PF08068', 'TIGR03665', 'PF03950', 'TIGR02338', 'PF00831', 'PF05221', 'TIGR00468', 'PF01868', 'PF01655', 'PF00827', 'PF00327', 'PF04919', 'PF00687', 'PF00935', 'TIGR00442', 'PF03484', 'PF00281', 'PF00673', 'PF05000', 'PF00333', 'PF00410', 'PF00736', 'TIGR00425', 'TIGR00422', 'PF09377', 'PF01172', 'PF08071', 'PF00237', 'TIGR00432', 'PF01725'], 'GCN2': ['TIGR00670', 'PF01982', 'PF01798', 'TIGR00057', 'PF01984', 'TIGR00549', 'TIGR03724', 'PF00203', 'PF00276', 'PF00380', 'PF01201', 'TIGR01213', 'PF00750', 'PF00833', 'PF00752', 'PF03876', 'PF00867', 'TIGR03685', 'PF00297', 'PF01981', 'PF01922', 'PF01280', 'PF04127', 'PF05746', 'PF00573'], 'marker lineage': 'k__Archaea', 'GC': 0.34163238447892164, 'GCN4': ['PF06418', 'PF01192'], '# scaffolds': 527, 'Completeness': 72.15583768981827, 'GCN3': ['PF00298', 'TIGR00419', 'PF04010', 'TIGR00344', 'TIGR00289', 'TIGR03679', 'PF00749', 'PF03439', 'TIGR03683', 'TIGR00522', 'PF02978'], 'GCN5+': ['TIGR00389'], '# contigs': 527, 'Translation table': 11, '# markers': 145, 'Coding density': 0.9245991930584061, 'Mean contig length': 4362.996204933586, '# marker sets': 103, 'N50 (contigs)': 4341, '1': 62, '0': 44, '3': 11, '2': 25, 'Longest scaffold': 27982, '4': 2, '5+': 1, 'Contamination': 45.30744336569579, '# predicted genes': 3169, 'N50 (scaffolds)': 4341, '# ambiguous bases': 0, 'Mean scaffold length': 4362.996204933586}
Binning_output.18	{'GC std': 0.01604914146123764, '# genomes': 488, 'Genome size': 1553631, 'Longest contig': 23850, 'GCN0': ['PF10410', 'PF11305', 'PF00091', 'TIGR00717', 'PF02075', 'TIGR00979', 'TIGR01826', 'PF02132', 'TIGR00414', 'TIGR00419', 'TIGR03719', 'PF01189', 'PF01765', 'PF01409', 'PF02637', 'PF10369', 'PF02130', 'TIGR00382', 'PF01264', 'TIGR01087', 'PF01782', 'PF13507', 'TIGR01173', 'TIGR01951', 'PF03853', 'PF04561', 'PF06421', 'TIGR00355', 'PF06144', 'PF11253', 'PF08148', 'PF00380', 'PF10611', 'PF08704', 'TIGR02727', 'TIGR00344', 'TIGR01357', 'TIGR03317', 'PF04565', 'PF02410', 'PF02699', 'PF05698', 'TIGR01994', 'TIGR00112', 'TIGR00020', 'PF01171', 'TIGR00639', 'PF07499', 'PF08207', 'PF02844', 'TIGR02075', 'PF01000', 'PF00572', 'TIGR01203', 'PF01121', 'PF11967', 'TIGR01027', 'PF00745', 'TIGR00482', 'PF08459', 'PF01330', 'PF09190', 'TIGR00132', 'PF00490', 'TIGR00007', 'PF11241', 'PF01016', 'PF04563', 'PF01939', 'TIGR00656', 'PF01018', 'PF01795', 'PF11349', 'TIGR00121', 'PF11268', 'PF01386', 'PF03054', 'PF11296', 'PF03652', 'TIGR00416', 'PF06778', 'PF01472', 'PF02565', 'TIGR00064', 'TIGR01499', 'PF00762', 'PF03119', 'TIGR00670', 'PF01192', 'PF01208', 'PF09269', 'PF01649', 'PF01416', 'TIGR01063', 'PF03484', 'PF02686', 'PF12327', 'PF01196', 'PF01132', 'PF11377', 'PF02934', 'PF00625', 'TIGR03539', 'PF11452', 'TIGR01059', 'TIGR00539', 'PF05201', 'PF01668', 'PF00475', 'PF01071', 'PF13603', 'PF00886', 'TIGR00186', 'PF10385', 'TIGR00239', 'PF12089', 'PF09285', 'TIGR00735', 'TIGR01919', 'PF10739', 'TIGR01455', 'PF04127', 'PF00829', 'TIGR00436', 'TIGR01855', 'TIGR02397', 'PF01709', 'PF03118', 'PF05697', 'TIGR00945', 'PF02978'], 'GCN1': ['PF03602', 'PF01509', 'PF00707', 'PF00298', 'TIGR00093', 'TIGR00096', 'PF00203', 'PF02650', 'PF00035', 'PF10150', 'TIGR01934', 'PF00742', 'PF00411', 'PF00213', 'PF00189', 'PF01281', 'PF13393', 'PF01351', 'TIGR00392', 'TIGR00154', 'PF00181', 'PF00312', 'TIGR01162', 'TIGR01161', 'TIGR01366', 'PF12005', 'PF00366', 'PF03840', 'PF00177', 'PF00308', 'TIGR00962', 'TIGR00963', 'PF01193', 'PF03461', 'PF01502', 'TIGR01394', 'PF04560', 'PF03947', 'TIGR01083', 'TIGR01379', 'PF01728', 'TIGR03723', 'TIGR03725', 'PF02152', 'PF03719', 'PF04998', 'PF06071', 'PF12627', 'PF00276', 'PF01131', 'TIGR00593', 'PF00116', 'PF01250', 'PF02576', 'PF00318', 'PF02033', 'TIGR01966', 'PF13442', 'TIGR00611', 'PF02542', 'PF00338', 'TIGR01981', 'TIGR01980', 'PF04997', 'TIGR01574', 'PF02224', 'PF02609', 'TIGR00343', 'TIGR01198', 'PF00252', 'PF13167', 'PF08299', 'PF10609', 'TIGR00755', 'TIGR01978', 'PF02631', 'PF11987', 'PF10298', 'TIGR02067', 'PF03948', 'PF00347', 'PF00988', 'PF00828', 'PF02357', 'PF00164', 'PF01316', 'PF04417', 'TIGR03594', 'TIGR01039', 'TIGR00741', 'TIGR00634', 'PF02021', 'PF00238', 'TIGR01510', 'PF01628', 'PF00861', 'PF00466', 'PF02527', 'PF08029', 'TIGR02673', 'PF05173', 'TIGR00643', 'PF00453', 'PF03993', 'PF05491', 'PF02912', 'PF13288', 'PF03449', 'PF00162', 'PF02938', 'TIGR01304', 'PF01450', 'PF01245', 'TIGR00878', 'PF00831', 'PF03710', 'TIGR00019', 'TIGR00010', 'PF02620', 'PF00297', 'PF06781', 'PF02787', 'PF03946', 'PF02601', 'PF02823', 'PF01715', 'PF13368', 'TIGR01258', 'TIGR01079', 'PF01687', 'PF01632', 'PF00327', 'TIGR00855', 'TIGR00329', 'PF00119', 'PF00687', 'PF12502', 'PF02670', 'PF00623', 'TIGR03631', 'PF05258', 'PF00889', 'PF04983', 'PF09142', 'PF00231', 'PF04452', 'PF00677', 'PF00281', 'PF00673', 'TIGR00049', 'TIGR01473', 'PF00562', 'PF01288', 'PF06574', 'PF00627', 'PF09438', 'PF02367', 'TIGR03188', 'PF01743', 'PF02591', 'PF00333', 'PF00410', 'PF12344', 'TIGR00234', 'PF08529', 'TIGR01134', 'PF13742', 'PF00344', 'PF00237', 'PF00958', 'PF08436', 'PF13184', 'PF13829', 'PF00584', 'PF02843', 'PF01725', 'PF00573'], 'GCN2': ['PF03726', 'TIGR02012'], 'marker lineage': 'o__Actinomycetales', 'GC': 0.6134693501867561, 'GCN4': [], '# scaffolds': 315, 'Completeness': 53.40025740025741, 'GCN3': [], 'GCN5+': [], '# contigs': 315, 'Translation table': 11, '# markers': 310, 'Coding density': 0.9145588624325853, 'Mean contig length': 4932.161904761905, '# marker sets': 185, 'N50 (contigs)': 5221, '1': 177, '0': 131, '3': 0, '2': 2, 'Longest scaffold': 23850, '4': 0, '5+': 0, 'Contamination': 0.5405405405405406, '# predicted genes': 1684, 'N50 (scaffolds)': 5221, '# ambiguous bases': 0, 'Mean scaffold length': 4932.161904761905}
Binning_output.9	{'GC std': 0.038203135462149214, '# genomes': 5449, 'Genome size': 8138838, 'Longest contig': 36036, 'GCN0': [], 'GCN1': ['PF00298', 'PF03946', 'TIGR00922'], 'GCN2': ['PF01196', 'TIGR00755', 'TIGR00084', 'PF05491'], 'marker lineage': 'k__Bacteria', 'GC': 0.3363241779723346, 'GCN4': ['PF01509', 'PF01281', 'PF00831', 'PF00252', 'PF03948', 'PF00366', 'PF00333', 'PF01193', 'PF04560', 'PF01000', 'PF01632', 'PF03719', 'PF00466', 'TIGR00855', 'PF01649', 'PF00453', 'PF08459', 'PF02033'], '# scaffolds': 1836, 'Completeness': 100.0, 'GCN3': ['PF03484', 'PF10385', 'PF00411', 'PF01795', 'PF00416', 'PF04565', 'TIGR02432', 'TIGR00460', 'TIGR00967', 'PF00687', 'PF06421', 'PF05697', 'PF02978'], 'GCN5+': ['PF00162', 'PF01018', 'PF00889', 'TIGR00615', 'PF04983', 'PF01016', 'PF00562', 'PF00338', 'PF04563', 'PF00281', 'PF00673', 'PF04997', 'PF00380', 'PF01245', 'PF00189', 'TIGR00344', 'TIGR00459', 'TIGR00392', 'PF02367', 'PF01668', 'PF00181', 'PF11987', 'PF00312', 'PF13603', 'PF00347', 'PF05000', 'PF00297', 'PF00177', 'PF00828', 'PF00886', 'TIGR03263', 'PF00410', 'PF12344', 'PF00164', 'PF01765', 'PF01409', 'TIGR03594', 'PF08529', 'PF02130', 'PF03947', 'TIGR02075', 'TIGR00810', 'TIGR01079', 'TIGR03723', 'PF00238', 'PF00203', 'PF01121', 'PF01746', 'PF01195', 'PF00572', 'PF00829', 'PF00861', 'PF00237', 'PF04998', 'PF06071', 'TIGR00329', 'TIGR00250', 'PF00276', 'PF13184', 'PF04561', 'TIGR00019', 'PF01250', 'PF00318', 'PF02912', 'PF00623', 'PF00573'], '# contigs': 1836, 'Translation table': 11, '# markers': 104, 'Coding density': 0.9605632892557882, 'Mean contig length': 4432.918300653595, '# marker sets': 58, 'N50 (contigs)': 4467, '1': 3, '0': 0, '3': 13, '2': 4, 'Longest scaffold': 36036, '4': 18, '5+': 66, 'Contamination': 400.0835945663532, '# predicted genes': 9577, 'N50 (scaffolds)': 4467, '# ambiguous bases': 0, 'Mean scaffold length': 4432.918300653595}
Binning_output.8	{'GC std': 0.021702924713544878, '# genomes': 2993, 'Genome size': 1604956, 'Longest contig': 158764, 'GCN0': ['PF02096', 'PF12631', 'PF02768', 'TIGR00020', 'TIGR03594', 'PF13932', 'TIGR01063', 'TIGR01059', 'PF00886', 'TIGR01133', 'PF10396', 'PF02978'], 'GCN1': ['PF01509', 'PF00298', 'PF00203', 'PF00035', 'PF00471', 'PF00411', 'PF02075', 'PF00189', 'PF02410', 'PF01043', 'PF01281', 'TIGR00392', 'PF00312', 'TIGR00575', 'TIGR00418', 'PF00366', 'PF00177', 'PF01193', 'PF01765', 'PF01409', 'PF02130', 'PF04560', 'PF03947', 'TIGR01085', 'TIGR01087', 'TIGR03723', 'PF03719', 'TIGR01951', 'PF03485', 'PF07516', 'PF04998', 'PF06071', 'PF00276', 'PF06421', 'TIGR00593', 'TIGR00595', 'PF01250', 'PF00318', 'PF02033', 'PF01018', 'TIGR00615', 'PF00338', 'PF04997', 'PF01084', 'TIGR00344', 'PF04561', 'PF00252', 'TIGR00755', 'PF04565', 'PF11987', 'PF02699', 'PF03948', 'PF00347', 'PF00828', 'PF00164', 'PF07497', 'TIGR00922', 'TIGR02075', 'PF01000', 'PF00572', 'PF00750', 'PF00238', 'PF01746', 'PF00861', 'PF00466', 'PF01121', 'TIGR00329', 'PF00181', 'PF00453', 'PF08459', 'PF01330', 'PF05491', 'PF02912', 'PF02938', 'PF01016', 'PF04563', 'PF01245', 'PF01795', 'PF00831', 'PF01386', 'TIGR00019', 'PF06418', 'PF01195', 'PF00297', 'TIGR02432', 'TIGR00460', 'PF03946', 'TIGR03263', 'PF00542', 'TIGR00064', 'TIGR01079', 'PF03726', 'TIGR02350', 'PF02873', 'PF00687', 'PF01649', 'PF00380', 'PF04760', 'PF00623', 'TIGR00445', 'TIGR00442', 'PF00889', 'PF00253', 'PF03484', 'PF04983', 'PF01196', 'PF00281', 'PF00673', 'PF00562', 'PF00416', 'PF00627', 'TIGR02397', 'PF00830', 'PF02367', 'PF01668', 'PF13603', 'PF05000', 'PF00333', 'PF00410', 'PF12344', 'PF08529', 'TIGR00422', 'PF00344', 'PF00163', 'PF00829', 'PF02403', 'PF00237', 'PF00684', 'TIGR00435', 'PF13184', 'PF10385', 'PF05697', 'PF00573', 'TIGR02012'], 'GCN2': ['PF03147'], 'marker lineage': 'k__Bacteria', 'GC': 0.4111059742447768, 'GCN4': [], '# scaffolds': 50, 'Completeness': 87.91208791208791, 'GCN3': [], 'GCN5+': [], '# contigs': 50, 'Translation table': 11, '# markers': 147, 'Coding density': 0.9612662278592061, 'Mean contig length': 32099.12, '# marker sets': 91, 'N50 (contigs)': 46664, '1': 134, '0': 12, '3': 0, '2': 1, 'Longest scaffold': 158764, '4': 0, '5+': 0, 'Contamination': 0.5494505494505495, '# predicted genes': 1510, 'N50 (scaffolds)': 46664, '# ambiguous bases': 0, 'Mean scaffold length': 32099.12}
Binning_output.5	{'GC std': 0.01796195958951965, '# genomes': 732, 'Genome size': 795996, 'Longest contig': 14842, 'GCN0': ['PF03602', 'PF10410', 'TIGR00093', 'TIGR00096', 'PF00203', 'PF00035', 'TIGR00409', 'PF02410', 'PF01281', 'TIGR00392', 'PF02132', 'TIGR01162', 'TIGR03719', 'PF00177', 'PF00308', 'TIGR00962', 'TIGR00963', 'PF03461', 'PF02637', 'PF02130', 'PF01264', 'PF03947', 'TIGR01087', 'TIGR03723', 'TIGR01951', 'PF04998', 'PF12627', 'PF06421', 'PF01250', 'PF02033', 'TIGR01966', 'TIGR01980', 'PF04997', 'TIGR00344', 'PF08299', 'PF10609', 'TIGR00755', 'PF02631', 'PF11987', 'TIGR01994', 'PF03948', 'TIGR00020', 'PF00164', 'TIGR01039', 'TIGR00741', 'PF02844', 'PF00572', 'TIGR01510', 'TIGR01203', 'PF00466', 'TIGR00329', 'TIGR02673', 'PF11967', 'TIGR00482', 'PF05491', 'PF09190', 'TIGR00132', 'PF00162', 'PF01795', 'TIGR00878', 'TIGR00010', 'PF03652', 'PF02823', 'PF02565', 'PF03119', 'PF01121', 'TIGR00670', 'TIGR00690', 'PF01649', 'PF00380', 'PF00623', 'TIGR00442', 'PF04983', 'PF00562', 'PF00231', 'PF02686', 'PF01196', 'PF09269', 'PF02934', 'PF00625', 'PF01715', 'PF01071', 'TIGR00186', 'PF00410', 'TIGR00234', 'PF08529', 'PF04560', 'TIGR01128', 'PF02620', 'TIGR01455', 'PF08459', 'PF02403', 'PF00958', 'PF01807', 'TIGR00436', 'PF13184', 'TIGR02397', 'PF02843', 'PF01725'], 'GCN1': ['PF01509', 'PF00707', 'PF00298', 'TIGR00717', 'PF00411', 'PF02075', 'PF00213', 'PF00189', 'PF01351', 'PF00181', 'PF00312', 'TIGR00419', 'PF00366', 'PF03840', 'PF01193', 'PF01765', 'TIGR01394', 'PF01782', 'PF04563', 'PF13507', 'TIGR01173', 'PF01728', 'TIGR03725', 'PF03719', 'PF06071', 'PF02357', 'PF00276', 'PF04561', 'TIGR00593', 'PF00318', 'PF01018', 'TIGR00611', 'PF00338', 'PF00119', 'PF02224', 'TIGR01357', 'PF00252', 'PF13167', 'TIGR01978', 'PF04565', 'PF05698', 'PF00347', 'PF00828', 'TIGR03594', 'TIGR00634', 'PF08207', 'TIGR02075', 'PF01000', 'PF00238', 'PF00861', 'PF02527', 'PF00453', 'PF01330', 'PF02912', 'PF01016', 'PF01245', 'PF00831', 'TIGR00019', 'PF00297', 'PF02601', 'TIGR00064', 'TIGR01499', 'TIGR01079', 'PF01687', 'PF01632', 'PF03726', 'PF00327', 'TIGR00855', 'PF00687', 'PF01416', 'TIGR01063', 'TIGR03631', 'PF00889', 'PF03484', 'PF00281', 'PF00673', 'PF01132', 'TIGR01059', 'PF06574', 'PF00627', 'PF02367', 'PF01668', 'PF13603', 'PF00886', 'PF00333', 'PF10385', 'PF12344', 'TIGR01134', 'PF09285', 'PF13742', 'PF00344', 'PF00829', 'PF00237', 'PF01709', 'PF05697', 'PF00584', 'PF02978', 'PF00573', 'TIGR02012'], 'GCN2': ['PF03946'], 'marker lineage': 'p__Actinobacteria', 'GC': 0.7148302252775139, 'GCN4': [], '# scaffolds': 200, 'Completeness': 42.937192118226605, 'GCN3': [], 'GCN5+': [], '# contigs': 200, 'Translation table': 11, '# markers': 199, 'Coding density': 0.9474293840672566, 'Mean contig length': 3979.98, '# marker sets': 116, 'N50 (contigs)': 3885, '1': 99, '0': 99, '3': 0, '2': 1, 'Longest scaffold': 14842, '4': 0, '5+': 0, 'Contamination': 0.1724137931034483, '# predicted genes': 976, 'N50 (scaffolds)': 3885, '# ambiguous bases': 0, 'Mean scaffold length': 3979.98}
Binning_output.4	{'GC std': 0.013866854029882913, '# genomes': 5449, 'Genome size': 987551, 'Longest contig': 15492, 'GCN0': ['PF01509', 'PF00298', 'PF01018', 'PF00889', 'PF03484', 'PF04983', 'PF01016', 'PF00562', 'PF00338', 'PF04563', 'PF01196', 'PF00281', 'PF00673', 'PF04997', 'PF00380', 'PF10385', 'PF00411', 'PF00189', 'TIGR00344', 'PF00416', 'PF00831', 'PF00252', 'TIGR00755', 'PF04565', 'PF02367', 'PF01668', 'PF00181', 'PF11987', 'PF00312', 'PF05000', 'PF00297', 'PF00366', 'TIGR02432', 'PF00177', 'PF03946', 'PF00410', 'PF12344', 'PF00164', 'PF01193', 'PF01765', 'PF01409', 'PF08529', 'PF02130', 'PF03947', 'PF04560', 'TIGR00922', 'TIGR02075', 'PF01000', 'TIGR00810', 'TIGR01079', 'PF01632', 'TIGR03723', 'PF00238', 'PF00203', 'PF01195', 'PF00572', 'PF00829', 'PF00466', 'PF00237', 'PF04998', 'PF06071', 'TIGR00855', 'TIGR00329', 'TIGR00084', 'PF00276', 'PF13184', 'PF04561', 'TIGR00019', 'PF00687', 'PF01649', 'PF06421', 'PF05697', 'PF00453', 'PF01250', 'PF08459', 'PF00318', 'PF05491', 'PF02912', 'PF00623', 'PF02033', 'PF00573'], 'GCN1': ['PF00162', 'TIGR00615', 'PF01245', 'PF01795', 'PF01281', 'TIGR00459', 'TIGR00392', 'PF13603', 'PF03948', 'PF00347', 'TIGR00460', 'PF00828', 'PF00886', 'TIGR03263', 'PF00333', 'TIGR00967', 'TIGR03594', 'PF01121', 'PF01746', 'PF03719', 'PF00861', 'TIGR00250', 'PF02978'], 'GCN2': [], 'marker lineage': 'k__Bacteria', 'GC': 0.5793159036849742, 'GCN4': [], '# scaffolds': 237, 'Completeness': 28.52664576802508, 'GCN3': [], 'GCN5+': [], '# contigs': 237, 'Translation table': 11, '# markers': 104, 'Coding density': 0.9336419081141126, 'Mean contig length': 4166.881856540084, '# marker sets': 58, 'N50 (contigs)': 4115, '1': 23, '0': 81, '3': 0, '2': 0, 'Longest scaffold': 15492, '4': 0, '5+': 0, 'Contamination': 0.0, '# predicted genes': 1044, 'N50 (scaffolds)': 4115, '# ambiguous bases': 0, 'Mean scaffold length': 4166.881856540084}
Binning_output.7	{'GC std': 0.02073940222652464, '# genomes': 5449, 'Genome size': 347643, 'Longest contig': 9774, 'GCN0': ['PF01509', 'PF00162', 'PF00298', 'PF01018', 'PF00889', 'PF03484', 'PF04983', 'PF01016', 'PF00562', 'PF00338', 'PF04563', 'PF01196', 'PF00281', 'PF00673', 'PF04997', 'PF00380', 'PF01245', 'PF10385', 'PF00411', 'PF00189', 'TIGR00344', 'PF01795', 'PF01281', 'PF00416', 'PF00831', 'PF00252', 'TIGR00459', 'TIGR00755', 'TIGR00392', 'PF04565', 'PF02367', 'PF01668', 'PF00181', 'PF00312', 'PF13603', 'PF03948', 'PF00347', 'PF05000', 'PF00297', 'PF00366', 'TIGR02432', 'TIGR00460', 'PF00177', 'PF00828', 'PF03946', 'PF00886', 'TIGR03263', 'PF00333', 'PF00410', 'PF00164', 'TIGR00967', 'PF01193', 'PF01765', 'PF01409', 'TIGR03594', 'PF08529', 'PF02130', 'PF03947', 'PF04560', 'TIGR00922', 'TIGR02075', 'PF01000', 'TIGR00810', 'TIGR01079', 'PF01632', 'TIGR03723', 'PF00238', 'PF00203', 'PF01121', 'PF01746', 'PF01195', 'PF00572', 'PF03719', 'PF00829', 'PF00861', 'PF00466', 'PF00237', 'PF04998', 'PF06071', 'TIGR00855', 'TIGR00329', 'TIGR00084', 'TIGR00250', 'PF00276', 'PF13184', 'PF04561', 'TIGR00019', 'PF00687', 'PF01649', 'PF06421', 'PF05697', 'PF00453', 'PF01250', 'PF08459', 'PF00318', 'PF05491', 'PF02978', 'PF02912', 'PF00623', 'PF00573'], 'GCN1': ['TIGR00615', 'PF11987', 'PF12344', 'PF02033'], 'GCN2': [], 'marker lineage': 'k__Bacteria', 'GC': 0.49758516639195954, 'GCN4': [], '# scaffolds': 102, 'Completeness': 6.896551724137931, 'GCN3': [], 'GCN5+': [], '# contigs': 102, 'Translation table': 11, '# markers': 104, 'Coding density': 0.9196043067169481, 'Mean contig length': 3408.264705882353, '# marker sets': 58, 'N50 (contigs)': 3237, '1': 4, '0': 100, '3': 0, '2': 0, 'Longest scaffold': 9774, '4': 0, '5+': 0, 'Contamination': 0.0, '# predicted genes': 401, 'N50 (scaffolds)': 3237, '# ambiguous bases': 0, 'Mean scaffold length': 3408.264705882353}
Binning_output.6	{'GC std': 0.018716975086119966, '# genomes': 5449, 'Genome size': 2272621, 'Longest contig': 124997, 'GCN0': ['PF00298', 'PF03484', 'PF04983', 'PF00562', 'PF00338', 'PF04563', 'PF01196', 'PF00281', 'PF00673', 'PF04997', 'PF10385', 'PF00411', 'PF00189', 'TIGR00344', 'PF00416', 'PF00831', 'PF00252', 'PF04565', 'PF00181', 'PF00347', 'PF05000', 'PF00297', 'PF00366', 'PF00177', 'PF00828', 'PF03946', 'PF00333', 'PF00410', 'PF12344', 'PF00164', 'TIGR00967', 'PF01193', 'PF01409', 'PF03947', 'PF04560', 'TIGR00922', 'PF01000', 'TIGR01079', 'PF01632', 'PF00238', 'PF00203', 'PF03719', 'PF00861', 'PF00466', 'PF00237', 'PF04998', 'TIGR00855', 'PF00276', 'PF04561', 'PF00687', 'PF05697', 'PF00453', 'PF02912', 'PF00623', 'PF00573'], 'GCN1': ['PF01509', 'PF00162', 'PF01018', 'PF00889', 'TIGR00615', 'PF01016', 'PF00380', 'PF01245', 'PF01795', 'PF01281', 'TIGR00459', 'TIGR00755', 'TIGR00392', 'PF02367', 'PF01668', 'PF11987', 'PF00312', 'PF13603', 'PF03948', 'TIGR02432', 'TIGR00460', 'PF00886', 'TIGR03263', 'PF01765', 'TIGR03594', 'PF08529', 'PF02130', 'TIGR02075', 'TIGR00810', 'TIGR03723', 'PF01121', 'PF01746', 'PF01195', 'PF00572', 'PF00829', 'PF06071', 'TIGR00329', 'TIGR00084', 'TIGR00250', 'PF13184', 'TIGR00019', 'PF01649', 'PF06421', 'PF01250', 'PF08459', 'PF00318', 'PF05491', 'PF02978', 'PF02033'], 'GCN2': [], 'marker lineage': 'k__Bacteria', 'GC': 0.6098913985217949, 'GCN4': [], '# scaffolds': 62, 'Completeness': 74.13793103448276, 'GCN3': [], 'GCN5+': [], '# contigs': 62, 'Translation table': 11, '# markers': 104, 'Coding density': 0.9068309234139789, 'Mean contig length': 36655.17741935484, '# marker sets': 58, 'N50 (contigs)': 70294, '1': 49, '0': 55, '3': 0, '2': 0, 'Longest scaffold': 124997, '4': 0, '5+': 0, 'Contamination': 0.0, '# predicted genes': 2280, 'N50 (scaffolds)': 70294, '# ambiguous bases': 0, 'Mean scaffold length': 36655.17741935484}
Binning_output.1	{'GC std': 0.019222611415863403, '# genomes': 148, 'Genome size': 1443845, 'Longest contig': 66301, 'GCN0': ['PF08617', 'PF03684', 'PF00832', 'PF01973', 'PF01287', 'PF01198', 'PF13685', 'TIGR02338', 'PF01849', 'TIGR02153', 'TIGR00537', 'PF01090', 'PF11987', 'TIGR00392', 'PF03946', 'TIGR01211', 'TIGR00522', 'TIGR00422', 'TIGR00162', 'PF02649', 'TIGR01177', 'PF01984', 'PF09173', 'PF09249', 'TIGR02237', 'TIGR03679', 'TIGR03677', 'PF00752', 'PF00181', 'PF00867'], 'GCN1': ['TIGR00134', 'PF03439', 'TIGR00442', 'PF01509', 'PF00298', 'PF00177', 'PF00562', 'PF03484', 'PF04019', 'TIGR03684', 'TIGR03685', 'PF04983', 'TIGR03683', 'PF00276', 'PF00679', 'PF01282', 'PF01948', 'PF04563', 'TIGR01018', 'PF00281', 'TIGR00408', 'PF04997', 'PF08068', 'PF06026', 'TIGR03665', 'PF00380', 'TIGR00658', 'TIGR02389', 'PF00623', 'PF00334', 'PF04561', 'PF00411', 'PF01864', 'PF04104', 'PF03950', 'PF00189', 'TIGR00344', 'TIGR00878', 'PF00709', 'PF00416', 'PF00831', 'PF00252', 'TIGR00755', 'PF01201', 'PF01092', 'PF04565', 'PF00900', 'PF04919', 'PF00673', 'PF01015', 'PF13656', 'PF06418', 'PF00572', 'PF00687', 'PF01994', 'PF00312', 'PF05221', 'TIGR00270', 'TIGR01162', 'PF00347', 'PF00297', 'TIGR00419', 'PF00750', 'PF04566', 'PF01780', 'TIGR00057', 'PF01191', 'TIGR00111', 'TIGR00289', 'PF03719', 'TIGR00468', 'PF01982', 'PF01868', 'TIGR01210', 'TIGR01213', 'PF00410', 'PF00736', 'TIGR00234', 'PF00164', 'TIGR00335', 'TIGR00336', 'TIGR01046', 'PF01193', 'PF05670', 'PF01280', 'TIGR01134', 'PF01922', 'PF01200', 'PF04472', 'PF00318', 'TIGR00064', 'PF00366', 'PF03833', 'TIGR00389', 'PF03947', 'PF04560', 'PF04010', 'TIGR01080', 'TIGR00928', 'PF01940', 'PF02844', 'PF01655', 'PF13507', 'PF09377', 'TIGR02076', 'PF01416', 'PF01000', 'PF01974', 'PF01981', 'TIGR00549', 'PF00827', 'TIGR01736', 'TIGR00670', 'PF01246', 'PF01174', 'PF03764', 'PF04127', 'PF01967', 'PF08069', 'PF01192', 'PF01172', 'PF00861', 'PF08071', 'PF03874', 'PF05746', 'PF00466', 'PF00327', 'PF00237', 'TIGR00327', 'TIGR00329', 'PF01667', 'PF04567', 'PF00203', 'PF01194', 'PF01866', 'TIGR00432', 'PF00749', 'PF05000', 'PF01912', 'PF00958', 'PF01157', 'TIGR03724', 'PF06093', 'PF07541', 'TIGR00729', 'PF00935', 'PF01180', 'PF02748', 'PF04032', 'PF01725', 'PF00333', 'PF00238', 'PF01269', 'PF01798', 'PF03876', 'PF02978', 'PF00573'], 'GCN2': ['PF02005'], 'marker lineage': 'p__Euryarchaeota', 'GC': 0.5417285096391926, 'GCN4': [], '# scaffolds': 85, 'Completeness': 79.2, 'GCN3': [], 'GCN5+': [], '# contigs': 85, 'Translation table': 11, '# markers': 188, 'Coding density': 0.937844436210258, 'Mean contig length': 16986.41176470588, '# marker sets': 125, 'N50 (contigs)': 24790, '1': 157, '0': 30, '3': 0, '2': 1, 'Longest scaffold': 66301, '4': 0, '5+': 0, 'Contamination': 0.8, '# predicted genes': 1295, 'N50 (scaffolds)': 24790, '# ambiguous bases': 0, 'Mean scaffold length': 16986.41176470588}
Binning_output.3	{'GC std': 0.015928720849355153, '# genomes': 2921, 'Genome size': 3545206, 'Longest contig': 68151, 'GCN0': ['TIGR01085', 'PF01330', 'TIGR02350', 'PF00253'], 'GCN1': ['PF01509', 'PF00298', 'PF00035', 'PF00471', 'PF00411', 'PF02075', 'PF02096', 'PF00189', 'PF02410', 'PF01281', 'TIGR00392', 'PF00181', 'PF00312', 'TIGR00575', 'TIGR00418', 'PF00366', 'PF00177', 'PF00276', 'PF01193', 'PF01765', 'PF01409', 'PF00830', 'PF02130', 'PF04560', 'PF03947', 'TIGR03723', 'PF00203', 'PF03719', 'TIGR01951', 'PF03485', 'PF07516', 'PF04998', 'PF06071', 'PF12631', 'PF06421', 'TIGR00593', 'TIGR00595', 'PF01250', 'PF00318', 'PF02033', 'PF01018', 'PF01386', 'PF00338', 'PF03147', 'PF04997', 'PF00380', 'PF01084', 'TIGR00344', 'PF04561', 'PF00252', 'TIGR00755', 'PF02768', 'PF04565', 'PF11987', 'PF02699', 'PF03948', 'PF00347', 'PF00828', 'TIGR00020', 'PF00164', 'TIGR03594', 'TIGR00922', 'TIGR02075', 'PF01000', 'PF00572', 'PF00750', 'PF00238', 'PF01746', 'PF00861', 'PF00466', 'TIGR00329', 'PF00453', 'PF08459', 'PF05491', 'PF02912', 'PF13932', 'PF02938', 'PF01016', 'PF04563', 'PF01245', 'PF01795', 'PF00831', 'TIGR00615', 'TIGR00019', 'PF06418', 'PF00297', 'TIGR02432', 'TIGR00460', 'PF03946', 'TIGR03263', 'TIGR01079', 'PF01687', 'PF03726', 'PF01121', 'PF03652', 'PF02873', 'PF00687', 'PF01649', 'PF04760', 'PF00623', 'TIGR00442', 'PF00889', 'PF03484', 'PF04983', 'PF01196', 'PF00281', 'PF00673', 'PF00562', 'TIGR01059', 'PF06574', 'PF00627', 'PF02367', 'PF01668', 'TIGR01063', 'PF13603', 'PF05000', 'PF00886', 'PF00333', 'PF10385', 'PF00410', 'PF12344', 'PF08529', 'TIGR00064', 'PF00416', 'PF00344', 'PF01195', 'PF00163', 'PF00829', 'PF02403', 'PF00237', 'PF00684', 'TIGR00435', 'PF13184', 'TIGR02397', 'PF05697', 'PF02978', 'PF00573', 'TIGR02012'], 'GCN2': [], 'marker lineage': 'k__Bacteria', 'GC': 0.6825118201875998, 'GCN4': [], '# scaffolds': 266, 'Completeness': 96.4841108857336, 'GCN3': [], 'GCN5+': [], '# contigs': 266, 'Translation table': 11, '# markers': 142, 'Coding density': 0.8994081020961828, 'Mean contig length': 13327.842105263158, '# marker sets': 87, 'N50 (contigs)': 19879, '1': 138, '0': 4, '3': 0, '2': 0, 'Longest scaffold': 68151, '4': 0, '5+': 0, 'Contamination': 0.0, '# predicted genes': 2883, 'N50 (scaffolds)': 19879, '# ambiguous bases': 0, 'Mean scaffold length': 13327.842105263158}
Binning_output.2	{'GC std': 0.024334704263891855, '# genomes': 2258, 'Genome size': 2530252, 'Longest contig': 39632, 'GCN0': ['TIGR00095', 'PF00035', 'PF00471', 'TIGR01394', 'PF06071', 'PF01018', 'PF02224', 'PF07499', 'PF02527', 'PF05491', 'PF01016', 'TIGR00460', 'PF03652', 'TIGR03263', 'PF01687', 'PF03726', 'TIGR00214', 'TIGR00442', 'PF00253', 'PF12344', 'TIGR00420', 'PF00829', 'PF00684', 'TIGR00436', 'PF00584'], 'GCN1': ['PF01509', 'PF12169', 'PF00298', 'PF00203', 'TIGR00409', 'PF00411', 'PF02075', 'PF02096', 'PF00189', 'PF01043', 'PF01281', 'PF01351', 'TIGR00392', 'PF00181', 'PF00312', 'TIGR00575', 'PF00366', 'PF00177', 'PF04977', 'PF01193', 'PF01765', 'PF01409', 'PF00830', 'PF05190', 'PF02130', 'PF04560', 'PF03947', 'PF02491', 'PF01782', 'PF02410', 'PF04563', 'TIGR00362', 'TIGR03723', 'TIGR03725', 'PF03719', 'TIGR01951', 'PF03485', 'PF07516', 'PF04998', 'PF00276', 'PF04561', 'PF06421', 'TIGR00593', 'TIGR00595', 'PF01250', 'PF01624', 'PF02576', 'PF00318', 'PF02033', 'TIGR00615', 'PF00338', 'PF03147', 'PF04997', 'PF00380', 'PF01084', 'PF00334', 'TIGR00344', 'PF12631', 'PF00252', 'TIGR00755', 'PF02768', 'PF04565', 'PF11987', 'PF02699', 'TIGR01750', 'PF05698', 'PF03948', 'PF00347', 'PF00828', 'TIGR00020', 'PF00164', 'PF07497', 'TIGR03594', 'TIGR03598', 'TIGR00922', 'TIGR02075', 'PF01000', 'PF01119', 'PF00572', 'PF00750', 'PF00238', 'PF01746', 'PF00627', 'PF00861', 'PF00466', 'TIGR01063', 'PF01121', 'PF11967', 'PF00453', 'PF08459', 'PF01330', 'PF02912', 'PF13932', 'TIGR01302', 'PF01245', 'PF02091', 'TIGR03302', 'PF01795', 'PF00831', 'PF01386', 'TIGR00019', 'PF06418', 'PF00297', 'TIGR02432', 'PF03946', 'PF00542', 'PF01715', 'PF02565', 'TIGR00064', 'TIGR01499', 'PF00712', 'TIGR01079', 'PF01192', 'PF00673', 'PF02873', 'TIGR00329', 'PF00687', 'PF01649', 'PF01416', 'PF04760', 'PF00623', 'TIGR00445', 'PF03484', 'PF04983', 'PF01196', 'PF00281', 'TIGR00041', 'PF00562', 'TIGR01059', 'PF02367', 'PF01668', 'PF02575', 'PF13603', 'PF05000', 'PF00886', 'PF00333', 'PF00410', 'PF08529', 'TIGR01133', 'TIGR00422', 'PF00344', 'PF14450', 'PF01195', 'PF00163', 'PF01783', 'PF02403', 'PF00237', 'TIGR01145', 'TIGR01143', 'TIGR00435', 'PF13184', 'TIGR02393', 'PF10396', 'PF10385', 'PF05697', 'PF02978', 'TIGR01087', 'PF00573', 'PF02092'], 'GCN2': ['TIGR01083', 'TIGR01085', 'PF00889', 'TIGR00186'], 'marker lineage': 'k__Bacteria', 'GC': 0.45748605277260923, 'GCN4': [], '# scaffolds': 350, 'Completeness': 81.5230294396961, 'GCN3': [], 'GCN5+': [], '# contigs': 350, 'Translation table': 11, '# markers': 188, 'Coding density': 0.8925431142826881, 'Mean contig length': 7229.291428571429, '# marker sets': 117, 'N50 (contigs)': 9135, '1': 159, '0': 25, '3': 0, '2': 4, 'Longest scaffold': 39632, '4': 0, '5+': 0, 'Contamination': 2.279202279202279, '# predicted genes': 2494, 'N50 (scaffolds)': 9135, '# ambiguous bases': 0, 'Mean scaffold length': 7229.291428571429}
Binning_output.24	{'GC std': 0.011130811693801776, '# genomes': 901, 'Genome size': 923885, 'Longest contig': 19321, 'GCN0': ['PF01632', 'PF01509', 'PF00298', 'PF01018', 'PF03484', 'PF01016', 'TIGR00096', 'PF12327', 'TIGR01980', 'PF00091', 'TIGR00963', 'PF01132', 'PF01808', 'PF02224', 'PF00625', 'PF02075', 'PF02033', 'TIGR01059', 'TIGR00344', 'PF01795', 'PF06574', 'TIGR00539', 'PF11987', 'PF13167', 'PF08299', 'TIGR00611', 'TIGR00392', 'TIGR00010', 'PF01668', 'PF02367', 'PF00312', 'PF08478', 'PF05698', 'PF01709', 'PF13603', 'PF03840', 'PF03946', 'TIGR00186', 'TIGR00020', 'TIGR00234', 'PF01715', 'PF03461', 'TIGR03594', 'PF08529', 'PF02565', 'TIGR00741', 'PF02130', 'TIGR00634', 'TIGR01087', 'PF02410', 'PF08207', 'PF02844', 'PF09285', 'TIGR00593', 'TIGR01173', 'PF03119', 'PF01687', 'PF01250', 'TIGR03725', 'TIGR00670', 'TIGR01455', 'PF00627', 'PF00829', 'PF10609', 'TIGR01951', 'PF00861', 'PF00466', 'PF02403', 'PF02527', 'PF00707', 'PF04998', 'PF06071', 'PF00958', 'TIGR01510', 'TIGR00250', 'PF00318', 'PF13184', 'PF00687', 'PF01649', 'PF12627', 'PF06421', 'PF05697', 'PF00453', 'PF08459', 'PF00333', 'PF01807', 'PF01330', 'PF09190'], 'GCN1': ['TIGR00132', 'PF03602', 'TIGR00442', 'PF00162', 'PF00889', 'PF00562', 'PF00338', 'PF02686', 'PF04563', 'PF01196', 'PF00281', 'PF04997', 'PF01245', 'PF04561', 'PF00411', 'PF02934', 'PF00189', 'TIGR00878', 'PF01281', 'PF00831', 'PF00252', 'TIGR00755', 'PF01351', 'PF04565', 'PF00572', 'PF01071', 'PF02132', 'TIGR01162', 'PF03948', 'PF00347', 'PF00297', 'PF00988', 'PF00366', 'PF02357', 'PF10385', 'PF00410', 'PF12344', 'PF00164', 'PF01193', 'PF01765', 'TIGR01134', 'TIGR00064', 'TIGR01394', 'PF01264', 'PF03947', 'PF04560', 'PF01782', 'PF00623', 'PF13507', 'TIGR02075', 'PF01000', 'TIGR01079', 'TIGR00419', 'TIGR03723', 'PF03726', 'PF00344', 'PF00203', 'PF00828', 'PF00177', 'PF00673', 'PF01121', 'PF00237', 'TIGR00855', 'TIGR00329', 'PF00276', 'TIGR00436', 'TIGR00019', 'PF00238', 'PF00886', 'PF00380', 'PF03719', 'PF01416', 'PF11967', 'PF02843', 'PF00584', 'PF05491', 'PF02978', 'PF02912', 'PF00181', 'PF00573', 'TIGR02012', 'TIGR03631'], 'GCN2': ['TIGR01978'], 'marker lineage': 'k__Bacteria', 'GC': 0.5264129193568463, 'GCN4': [], '# scaffolds': 223, 'Completeness': 38.850902184235515, 'GCN3': [], 'GCN5+': [], '# contigs': 223, 'Translation table': 11, '# markers': 171, 'Coding density': 0.9432126292774534, 'Mean contig length': 4142.982062780269, '# marker sets': 117, 'N50 (contigs)': 4245, '1': 82, '0': 88, '3': 0, '2': 1, 'Longest scaffold': 19321, '4': 0, '5+': 0, 'Contamination': 0.42735042735042733, '# predicted genes': 1094, 'N50 (scaffolds)': 4245, '# ambiguous bases': 0, 'Mean scaffold length': 4142.982062780269}
Binning_output.25	{'GC std': 0.014586161879462687, '# genomes': 2993, 'Genome size': 1639169, 'Longest contig': 24020, 'GCN0': ['PF00298', 'PF00203', 'PF00035', 'PF00471', 'PF00189', 'PF01043', 'PF01281', 'PF00312', 'TIGR00418', 'PF00366', 'PF01409', 'PF04560', 'PF03947', 'TIGR01085', 'TIGR03723', 'PF03719', 'PF00276', 'PF01250', 'TIGR00615', 'PF00338', 'PF04997', 'PF01084', 'PF04561', 'PF00252', 'PF04565', 'PF03948', 'PF00347', 'PF00828', 'TIGR03594', 'TIGR00922', 'PF00238', 'PF00861', 'PF00466', 'PF01121', 'PF00181', 'PF00453', 'PF02912', 'PF04563', 'PF01795', 'PF00831', 'PF01386', 'TIGR00019', 'PF01195', 'PF00297', 'TIGR00460', 'PF03946', 'PF00542', 'TIGR01079', 'PF03726', 'TIGR02350', 'PF02873', 'PF00687', 'PF01649', 'PF04760', 'PF00623', 'PF00253', 'PF03484', 'PF00281', 'PF00673', 'PF00562', 'PF00830', 'PF02367', 'PF01668', 'PF13603', 'PF00886', 'PF00333', 'PF00410', 'PF08529', 'TIGR01133', 'PF00237', 'PF00684', 'TIGR00435', 'PF13184', 'PF10385', 'PF02978', 'PF00573', 'TIGR02012'], 'GCN1': ['PF01509', 'PF00411', 'PF02075', 'PF02096', 'PF02410', 'TIGR00392', 'TIGR00575', 'PF00177', 'PF01193', 'PF01765', 'PF02130', 'TIGR01087', 'TIGR01951', 'PF03485', 'PF07516', 'PF04998', 'PF06071', 'PF12631', 'PF06421', 'TIGR00593', 'TIGR00595', 'PF00318', 'PF02033', 'PF01018', 'PF03147', 'TIGR00344', 'TIGR00755', 'PF02768', 'PF11987', 'PF02699', 'TIGR00020', 'PF00164', 'PF07497', 'TIGR02075', 'PF01000', 'PF00572', 'PF00750', 'PF01746', 'TIGR00329', 'PF08459', 'PF01330', 'PF05491', 'PF13932', 'PF02938', 'PF01016', 'PF01245', 'PF06418', 'TIGR02432', 'TIGR03263', 'TIGR00064', 'PF00380', 'TIGR01063', 'TIGR00445', 'TIGR00442', 'PF00889', 'PF04983', 'PF01196', 'PF00416', 'PF00627', 'TIGR02397', 'PF05000', 'TIGR01059', 'PF12344', 'TIGR00422', 'PF00344', 'PF00163', 'PF00829', 'PF02403', 'PF10396', 'PF05697'], 'GCN2': [], 'marker lineage': 'k__Bacteria', 'GC': 0.48937967958154405, 'GCN4': [], '# scaffolds': 304, 'Completeness': 57.83040488922841, 'GCN3': [], 'GCN5+': [], '# contigs': 304, 'Translation table': 11, '# markers': 147, 'Coding density': 0.93028174642151, 'Mean contig length': 5392.003289473684, '# marker sets': 91, 'N50 (contigs)': 5703, '1': 70, '0': 77, '3': 0, '2': 0, 'Longest scaffold': 24020, '4': 0, '5+': 0, 'Contamination': 0.0, '# predicted genes': 1661, 'N50 (scaffolds)': 5703, '# ambiguous bases': 0, 'Mean scaffold length': 5392.003289473684}
Binning_output.26	{'GC std': 0.021095165242352464, '# genomes': 2993, 'Genome size': 1125881, 'Longest contig': 21865, 'GCN0': ['PF01509', 'PF02096', 'PF01043', 'TIGR00575', 'PF02130', 'PF04560', 'TIGR01085', 'TIGR01951', 'PF12631', 'PF00318', 'PF02033', 'PF01018', 'PF00338', 'PF03147', 'PF04997', 'TIGR00755', 'PF02768', 'PF07497', 'PF00572', 'PF00750', 'PF01746', 'PF01121', 'PF08459', 'PF13932', 'PF02938', 'PF01245', 'TIGR00019', 'PF06418', 'PF01195', 'PF00297', 'PF00380', 'TIGR01063', 'PF00623', 'TIGR00442', 'PF03484', 'PF04983', 'TIGR02397', 'PF01668', 'PF13603', 'TIGR01059', 'PF00886', 'TIGR00422', 'PF02403', 'TIGR00435', 'PF10396', 'PF02978'], 'GCN1': ['PF00298', 'PF00203', 'PF00035', 'PF00471', 'PF00411', 'PF02075', 'PF00189', 'PF02410', 'PF01281', 'TIGR00392', 'PF00312', 'TIGR00418', 'PF00366', 'PF00177', 'PF01193', 'PF01765', 'PF01409', 'PF03947', 'TIGR01087', 'TIGR03723', 'PF03719', 'PF03485', 'PF07516', 'PF04998', 'PF06071', 'PF00276', 'PF06421', 'TIGR00593', 'TIGR00595', 'PF01250', 'TIGR00615', 'PF01084', 'TIGR00344', 'PF04561', 'PF00252', 'PF04565', 'PF11987', 'PF02699', 'PF03948', 'PF00347', 'PF00828', 'TIGR00020', 'PF00164', 'TIGR03594', 'TIGR00922', 'TIGR02075', 'PF01000', 'PF00238', 'PF00861', 'PF00466', 'TIGR00329', 'PF00181', 'PF00453', 'PF01330', 'PF05491', 'PF02912', 'PF01016', 'PF04563', 'PF01795', 'PF00831', 'PF01386', 'TIGR02432', 'TIGR00460', 'PF03946', 'TIGR03263', 'PF00542', 'TIGR00064', 'PF03726', 'TIGR02350', 'PF02873', 'PF00687', 'PF01649', 'PF04760', 'TIGR00445', 'PF00889', 'PF00253', 'PF01196', 'PF00281', 'PF00673', 'PF00562', 'PF00416', 'PF00627', 'PF00830', 'PF02367', 'PF05000', 'PF00333', 'PF00410', 'PF12344', 'PF08529', 'TIGR01133', 'PF00344', 'PF00163', 'PF00829', 'PF00237', 'PF00684', 'PF13184', 'PF10385', 'PF05697', 'PF00573'], 'GCN2': ['TIGR01079', 'TIGR02012'], 'marker lineage': 'k__Bacteria', 'GC': 0.41040038867340334, 'GCN4': [], '# scaffolds': 213, 'Completeness': 59.573759573759574, 'GCN3': [], 'GCN5+': [], '# contigs': 213, 'Translation table': 11, '# markers': 147, 'Coding density': 0.9537446675092661, 'Mean contig length': 5285.826291079812, '# marker sets': 91, 'N50 (contigs)': 5758, '1': 99, '0': 46, '3': 0, '2': 2, 'Longest scaffold': 21865, '4': 0, '5+': 0, 'Contamination': 1.1635423400129283, '# predicted genes': 1249, 'N50 (scaffolds)': 5758, '# ambiguous bases': 0, 'Mean scaffold length': 5285.826291079812}
Binning_output.20	{'GC std': 0.013583928318816293, '# genomes': 901, 'Genome size': 1596960, 'Longest contig': 41303, 'GCN0': ['TIGR00963', 'PF01281', 'TIGR00539', 'PF03948', 'PF13603', 'PF03840', 'TIGR00020', 'TIGR03594', 'TIGR00741', 'TIGR01394', 'TIGR00634', 'PF02410', 'TIGR00593', 'TIGR01173', 'PF01250', 'PF09190'], 'GCN1': ['TIGR00132', 'PF01632', 'PF03602', 'TIGR00442', 'PF01509', 'PF00162', 'PF00298', 'PF01018', 'PF00889', 'PF00562', 'PF03484', 'PF01016', 'TIGR00096', 'PF00338', 'PF02686', 'PF04563', 'PF12327', 'TIGR01980', 'PF01196', 'PF00281', 'PF00091', 'PF04997', 'PF01132', 'PF01245', 'PF01808', 'PF04561', 'PF02224', 'PF00411', 'PF02934', 'PF00625', 'PF02075', 'PF00189', 'PF02033', 'TIGR01059', 'TIGR00344', 'PF01795', 'TIGR00878', 'PF06574', 'PF00831', 'PF11987', 'PF00252', 'PF13167', 'PF08299', 'TIGR00611', 'TIGR00755', 'PF01351', 'TIGR00392', 'TIGR00010', 'PF04565', 'PF01668', 'PF02367', 'PF00572', 'PF00312', 'PF08478', 'PF02132', 'PF05698', 'TIGR01162', 'PF00347', 'PF00297', 'PF00988', 'PF01709', 'PF00366', 'PF03946', 'PF02357', 'TIGR00186', 'PF10385', 'PF00410', 'PF12344', 'TIGR00234', 'PF00164', 'PF01193', 'PF01765', 'PF01715', 'PF03461', 'PF08529', 'TIGR01134', 'PF02565', 'PF02130', 'TIGR00064', 'PF01264', 'PF03947', 'PF04560', 'TIGR01087', 'PF01782', 'PF08207', 'PF00623', 'PF02844', 'PF09285', 'PF13507', 'TIGR02075', 'PF01000', 'PF03119', 'TIGR01079', 'PF01687', 'TIGR00419', 'TIGR03723', 'TIGR03725', 'PF03726', 'PF00344', 'PF00203', 'TIGR00670', 'TIGR01455', 'PF00627', 'PF00828', 'PF00829', 'TIGR01951', 'PF00861', 'PF00177', 'PF00673', 'PF00466', 'PF02403', 'PF02527', 'PF00237', 'PF00707', 'PF04998', 'PF06071', 'PF00958', 'TIGR00855', 'TIGR01510', 'TIGR00329', 'TIGR00250', 'PF00318', 'PF00276', 'TIGR00436', 'PF13184', 'TIGR00019', 'PF00238', 'PF00886', 'PF00687', 'PF01649', 'PF12627', 'PF06421', 'PF00380', 'PF05697', 'PF03719', 'PF01416', 'PF11967', 'PF00453', 'PF02843', 'PF00584', 'PF08459', 'PF00333', 'PF01807', 'PF01330', 'PF05491', 'PF02978', 'PF02912', 'PF00181', 'PF00573', 'TIGR02012', 'TIGR03631'], 'GCN2': ['TIGR01978', 'PF01071', 'PF10609', 'PF01121'], 'marker lineage': 'k__Bacteria', 'GC': 0.4473612363490632, 'GCN4': [], '# scaffolds': 236, 'Completeness': 87.17948717948718, 'GCN3': [], 'GCN5+': [], '# contigs': 236, 'Translation table': 11, '# markers': 171, 'Coding density': 0.9485741659152389, 'Mean contig length': 6766.779661016949, '# marker sets': 117, 'N50 (contigs)': 8221, '1': 151, '0': 16, '3': 0, '2': 4, 'Longest scaffold': 41303, '4': 0, '5+': 0, 'Contamination': 2.4216524216524213, '# predicted genes': 1759, 'N50 (scaffolds)': 8221, '# ambiguous bases': 0, 'Mean scaffold length': 6766.779661016949}
Binning_output.21	{'GC std': 0.012196210882577023, '# genomes': 5449, 'Genome size': 478844, 'Longest contig': 9379, 'GCN0': ['PF01509', 'PF00162', 'PF01018', 'PF00889', 'TIGR00615', 'PF04983', 'PF01016', 'PF00562', 'PF00338', 'PF04563', 'PF01196', 'PF00281', 'PF00673', 'PF04997', 'PF00380', 'PF01245', 'PF10385', 'PF00411', 'PF00189', 'TIGR00344', 'PF01795', 'PF01281', 'PF00416', 'PF00831', 'PF00252', 'TIGR00459', 'TIGR00755', 'TIGR00392', 'PF04565', 'PF02367', 'PF01668', 'PF00181', 'PF11987', 'PF00312', 'PF03948', 'PF00347', 'PF05000', 'PF00297', 'PF00366', 'TIGR02432', 'TIGR00460', 'PF00177', 'PF00828', 'PF00886', 'TIGR03263', 'PF00333', 'PF00410', 'PF12344', 'PF00164', 'TIGR00967', 'PF01193', 'PF01765', 'TIGR03594', 'PF08529', 'PF02130', 'PF03947', 'PF04560', 'TIGR02075', 'PF01000', 'TIGR00810', 'TIGR01079', 'TIGR03723', 'PF00238', 'PF00203', 'PF01121', 'PF01746', 'PF01195', 'PF00572', 'PF03719', 'PF00829', 'PF00861', 'PF00466', 'PF00237', 'PF04998', 'PF06071', 'TIGR00855', 'TIGR00329', 'PF00276', 'PF13184', 'PF04561', 'TIGR00019', 'PF00687', 'PF01649', 'PF05697', 'PF01250', 'PF08459', 'PF00318', 'PF05491', 'PF02978', 'PF00623', 'PF02033', 'PF00573'], 'GCN1': ['PF00298', 'PF03484', 'PF13603', 'PF03946', 'PF01409', 'TIGR00922', 'PF01632', 'TIGR00250', 'PF00453', 'PF02912'], 'GCN2': [], 'marker lineage': 'k__Bacteria', 'GC': 0.5165565403346393, 'GCN4': [], '# scaffolds': 135, 'Completeness': 11.904761904761903, 'GCN3': [], 'GCN5+': [], '# contigs': 135, 'Translation table': 11, '# markers': 102, 'Coding density': 0.9219328215452214, 'Mean contig length': 3546.9925925925927, '# marker sets': 56, 'N50 (contigs)': 3378, '1': 10, '0': 92, '3': 0, '2': 0, 'Longest scaffold': 9379, '4': 0, '5+': 0, 'Contamination': 0.0, '# predicted genes': 459, 'N50 (scaffolds)': 3378, '# ambiguous bases': 0, 'Mean scaffold length': 3546.9925925925927}
Binning_output.22	{'GC std': 0.014418766943165445, '# genomes': 207, 'Genome size': 204575, 'Longest contig': 7331, 'GCN0': ['TIGR00134', 'TIGR00442', 'PF03484', 'PF04019', 'PF04983', 'TIGR03683', 'PF00679', 'PF01282', 'PF00832', 'PF01287', 'PF05221', 'PF04563', 'TIGR00549', 'PF02005', 'PF00281', 'PF00673', 'TIGR00408', 'PF04997', 'PF08068', 'PF06026', 'PF13685', 'PF00380', 'TIGR02389', 'PF00562', 'PF01864', 'PF03950', 'TIGR02338', 'PF01849', 'PF01866', 'TIGR02153', 'PF00189', 'TIGR00344', 'PF00831', 'PF01090', 'PF00252', 'PF01201', 'PF01351', 'PF01092', 'PF04567', 'TIGR00392', 'PF04565', 'PF00900', 'PF04919', 'PF01280', 'PF01015', 'PF06418', 'PF00181', 'PF00312', 'TIGR00270', 'PF00347', 'PF05000', 'PF00297', 'TIGR00419', 'PF04566', 'PF00366', 'PF01780', 'TIGR00057', 'PF01191', 'PF00177', 'PF03719', 'TIGR00468', 'PF01982', 'PF01868', 'TIGR01213', 'PF00410', 'PF00736', 'PF00164', 'TIGR00336', 'TIGR01046', 'PF05670', 'TIGR00522', 'PF01798', 'PF01922', 'TIGR00425', 'TIGR00422', 'PF01200', 'PF04560', 'TIGR00064', 'TIGR00389', 'PF03947', 'PF04010', 'TIGR01080', 'PF01655', 'PF09377', 'PF01246', 'TIGR02076', 'PF00572', 'PF01984', 'PF00750', 'PF00238', 'TIGR03724', 'PF00827', 'PF08069', 'PF00203', 'TIGR00670', 'PF01269', 'PF03764', 'PF04127', 'PF01192', 'PF01172', 'PF00861', 'PF08071', 'PF09173', 'PF03874', 'PF05746', 'PF00327', 'PF09249', 'PF00237', 'PF00958', 'PF00833', 'TIGR00329', 'PF01667', 'PF01194', 'PF13656', 'PF00276', 'TIGR00432', 'TIGR03679', 'PF00749', 'PF01912', 'TIGR03677', 'PF04561', 'PF01198', 'PF01157', 'PF07541', 'TIGR00289', 'PF00752', 'PF00935', 'PF01725', 'PF00333', 'PF00318', 'PF03876', 'PF02978', 'PF00623', 'PF00573', 'PF00867'], 'GCN1': ['PF03439', 'PF00298', 'TIGR01018', 'TIGR03665', 'PF00411', 'PF00416', 'PF11987', 'TIGR03685', 'PF01193', 'PF01000', 'PF01981', 'PF00466', 'PF00398', 'PF00687'], 'GCN2': [], 'marker lineage': 'k__Archaea', 'GC': 0.6260442380545033, 'GCN4': [], '# scaffolds': 61, 'Completeness': 10.280373831775702, 'GCN3': [], 'GCN5+': [], '# contigs': 61, 'Translation table': 11, '# markers': 149, 'Coding density': 0.9421385799828914, 'Mean contig length': 3353.688524590164, '# marker sets': 107, 'N50 (contigs)': 3143, '1': 14, '0': 135, '3': 0, '2': 0, 'Longest scaffold': 7331, '4': 0, '5+': 0, 'Contamination': 0.0, '# predicted genes': 198, 'N50 (scaffolds)': 3143, '# ambiguous bases': 0, 'Mean scaffold length': 3353.688524590164}
Binning_output.23	{'GC std': 0.01449975113409215, '# genomes': 2258, 'Genome size': 344915, 'Longest contig': 6354, 'GCN0': ['PF01509', 'PF12169', 'PF00298', 'TIGR00095', 'TIGR00409', 'PF00471', 'PF02075', 'PF02096', 'PF02410', 'PF01043', 'PF01351', 'TIGR00392', 'PF00181', 'PF00312', 'TIGR00575', 'PF00177', 'PF04977', 'PF01765', 'PF01409', 'PF00830', 'PF05190', 'PF02130', 'TIGR01394', 'PF04560', 'PF03947', 'PF02491', 'TIGR01085', 'TIGR01087', 'PF01782', 'TIGR00362', 'TIGR03723', 'TIGR03725', 'PF00203', 'TIGR01951', 'PF03485', 'PF07516', 'PF04998', 'PF00276', 'PF04561', 'PF06421', 'TIGR00595', 'PF01624', 'PF02576', 'PF00318', 'PF02033', 'PF00338', 'PF03147', 'PF04997', 'PF00380', 'PF00334', 'PF02224', 'TIGR00344', 'PF12631', 'TIGR00755', 'PF02768', 'PF04565', 'PF11987', 'PF02699', 'TIGR01750', 'PF05698', 'PF00347', 'TIGR00020', 'PF00164', 'PF07497', 'TIGR03594', 'TIGR03598', 'PF07499', 'TIGR00922', 'TIGR02075', 'PF01119', 'PF00572', 'PF00750', 'PF01746', 'PF00861', 'PF00466', 'PF02527', 'PF01121', 'TIGR00329', 'PF11967', 'PF00453', 'PF08459', 'PF01330', 'PF05491', 'PF02912', 'PF01016', 'TIGR01302', 'PF04563', 'TIGR00442', 'PF01245', 'PF02091', 'TIGR03302', 'PF01795', 'TIGR00615', 'TIGR00019', 'PF06418', 'PF00297', 'TIGR02432', 'PF03946', 'TIGR03263', 'PF00542', 'TIGR01499', 'PF00712', 'PF01687', 'PF03726', 'PF01192', 'PF02873', 'PF00687', 'PF01649', 'PF01416', 'TIGR01063', 'PF04760', 'PF00623', 'TIGR00445', 'PF00889', 'PF00253', 'PF03484', 'PF04983', 'TIGR00041', 'PF00562', 'TIGR01059', 'PF01715', 'PF00627', 'PF02367', 'PF01668', 'PF02575', 'PF10396', 'PF13603', 'PF05000', 'PF00886', 'PF00333', 'PF10385', 'PF12344', 'PF08529', 'TIGR01133', 'TIGR00420', 'TIGR00422', 'TIGR00064', 'PF00163', 'PF00829', 'PF01783', 'PF02403', 'PF00237', 'PF00684', 'TIGR01143', 'TIGR00438', 'TIGR00436', 'TIGR00435', 'PF13184', 'TIGR02393', 'PF05697', 'PF02978', 'PF00573', 'PF02092'], 'GCN1': ['PF00035', 'PF00411', 'PF00189', 'PF01281', 'PF00366', 'PF01193', 'PF03719', 'PF06071', 'TIGR00593', 'PF01250', 'PF01018', 'PF01386', 'PF01084', 'PF00252', 'PF03948', 'PF00828', 'PF01000', 'PF00238', 'PF13932', 'PF02938', 'PF00831', 'TIGR00460', 'TIGR01079', 'PF01196', 'PF00281', 'PF00673', 'TIGR00186', 'PF00410', 'PF00344', 'PF14450', 'PF01195', 'TIGR01145', 'PF00584'], 'GCN2': [], 'marker lineage': 'k__Bacteria', 'GC': 0.45479031065624864, 'GCN4': [], '# scaffolds': 99, 'Completeness': 11.757662835249043, 'GCN3': [], 'GCN5+': [], '# contigs': 99, 'Translation table': 11, '# markers': 186, 'Coding density': 0.8984706376933448, 'Mean contig length': 3483.989898989899, '# marker sets': 116, 'N50 (contigs)': 3310, '1': 33, '0': 153, '3': 0, '2': 0, 'Longest scaffold': 6354, '4': 0, '5+': 0, 'Contamination': 0.0, '# predicted genes': 419, 'N50 (scaffolds)': 3310, '# ambiguous bases': 0, 'Mean scaffold length': 3483.989898989899}
